Fecha_Reporte,Hora_Reporte,Distrito,Tipo_Delito,Latitud,Longitud,Tiempo_Respuesta_Min,Uso_Arma,Captura,Rango_Horario
2026-01-22,12:14,Los Olivos,Extorsion,-11.8739,-77.0926,7.8,FALSE,TRUE,Tarde
2026-02-08,08:35,San Martin de Porres,Robo a mano armada,-11.9177,-77.0378,28.9,TRUE,FALSE,Manana
2026-01-03,12:27,Carabayllo,Vandalismo,-11.9295,-76.9641,28.0,FALSE,FALSE,Tarde
2026-04-28,12:33,Puente Piedra,Extorsion,-11.8425,-77.0934,12.1,FALSE,FALSE,Tarde
2026-01-08,08:46,San Martin de Porres,Robo a mano armada,-11.8444,-76.9885,15.8,TRUE,FALSE,Manana
2026-01-30,09:41,Santa Rosa,Hurto simple,-11.8509,-77.0287,10.1,FALSE,TRUE,Manana
2026-03-28,10:29,Independencia,Arrebato,-11.9299,-77.0904,8.6,FALSE,FALSE,Manana
2026-01-24,14:21,Carabayllo,Hurto simple,-11.8515,-77.0358,26.1,FALSE,FALSE,Tarde
2026-02-09,14:45,Ancon,Robo a mano armada,-11.9837,-77.027,17.2,TRUE,TRUE,Tarde
2026-01-19,19:13,San Martin de Porres,Hurto simple,-11.8532,-77.0246,27.1,TRUE,FALSE,Noche
2026-02-21,11:34,Puente Piedra,Vandalismo,-11.8404,-76.9827,24.6,TRUE,FALSE,Manana
2026-03-03,23:22,Ancon,Hurto simple,-11.8217,-76.9477,17.7,FALSE,TRUE,Noche
2026-04-13,10:38,Los Olivos,Robo a mano armada,-11.8694,-76.9674,21.6,TRUE,FALSE,Manana
2026-04-30,11:12,San Martin de Porres,Arrebato,-11.9371,-76.9748,21.4,TRUE,FALSE,Manana
2026-02-06,07:48,Independencia,Extorsion,-11.8315,-76.9695,16.9,FALSE,TRUE,Manana
2026-02-07,22:50,Comas,Arrebato,-11.8211,-77.0966,10.0,FALSE,TRUE,Noche
2026-04-27,13:46,Santa Rosa,Hurto simple,-11.8329,-77.0878,23.9,FALSE,FALSE,Tarde
2026-02-09,13:40,Independencia,Robo a mano armada,-11.9087,-76.9467,16.7,TRUE,FALSE,Tarde
2026-03-15,08:40,Ancon,Extorsion,-11.896,-76.9373,9.3,TRUE,TRUE,Manana
2026-01-16,05:37,Independencia,Hurto simple,-11.8652,-76.9879,27.6,TRUE,FALSE,Madrugada
2026-03-25,14:55,Ancon,Extorsion,-11.9394,-76.9653,20.1,FALSE,TRUE,Tarde
2026-01-07,22:46,Santa Rosa,Robo a mano armada,-11.9864,-76.9634,21.8,TRUE,FALSE,Noche
2026-02-24,22:35,Los Olivos,Arrebato,-11.803,-76.9775,10.3,TRUE,TRUE,Noche
2026-04-23,23:18,Independencia,Vandalismo,-11.9064,-77.0647,28.4,FALSE,FALSE,Noche
2026-02-23,14:19,Ancon,Hurto simple,-11.881,-77.0659,17.3,TRUE,TRUE,Tarde
2026-03-13,19:33,Carabayllo,Robo de vehiculo,-11.9702,-77.0802,11.6,FALSE,TRUE,Noche
2026-03-22,12:21,Ancon,Vandalismo,-11.8087,-76.9113,25.7,FALSE,TRUE,Tarde
2026-02-02,17:45,Carabayllo,Robo a mano armada,-11.9142,-76.9016,20.8,TRUE,TRUE,Tarde
2026-02-21,16:00,Puente Piedra,Robo de vehiculo,-11.9055,-76.9911,15.3,TRUE,TRUE,Tarde
2026-04-16,15:51,Comas,Arrebato,-11.907,-76.9016,28.1,TRUE,TRUE,Tarde
2026-04-25,23:46,Los Olivos,Vandalismo,-11.8073,-77.0134,14.0,TRUE,FALSE,Noche
2026-04-14,01:29,San Martin de Porres,Robo a mano armada,-11.8245,-77.0041,11.5,TRUE,FALSE,Madrugada
2026-04-05,07:57,Puente Piedra,Vandalismo,-11.9851,-76.9979,29.3,TRUE,FALSE,Manana
2026-02-22,08:38,Carabayllo,Hurto simple,-11.8927,-77.0599,5.8,TRUE,FALSE,Manana
2026-02-01,17:53,Puente Piedra,Extorsion,-11.9302,-76.929,26.6,FALSE,FALSE,Tarde
2026-03-19,00:44,Los Olivos,Robo a mano armada,-11.8767,-77.0461,23.8,TRUE,FALSE,Madrugada
2026-04-30,09:39,Santa Rosa,Robo a mano armada,-11.9537,-77.0786,24.7,TRUE,FALSE,Manana
2026-03-13,08:47,Comas,Extorsion,-11.8094,-77.0447,26.1,FALSE,TRUE,Manana
2026-03-21,12:14,San Martin de Porres,Robo de vehiculo,-11.9289,-77.0173,15.0,TRUE,TRUE,Tarde
2026-02-02,03:31,Independencia,Robo de vehiculo,-11.9197,-77.0736,12.6,TRUE,FALSE,Madrugada
2026-03-12,23:47,Ancon,Vandalismo,-11.8901,-76.9869,22.2,FALSE,TRUE,Noche
2026-04-30,01:57,Independencia,Hurto simple,-11.944,-77.0873,28.1,FALSE,FALSE,Madrugada
2026-03-09,06:24,Comas,Robo a mano armada,-11.8649,-76.9282,14.3,TRUE,TRUE,Manana
2026-02-06,11:32,San Martin de Porres,Robo a mano armada,-11.8325,-77.0142,10.5,TRUE,FALSE,Manana
2026-03-11,18:29,Comas,Robo de vehiculo,-11.9066,-77.0504,13.2,TRUE,FALSE,Noche
2026-01-07,16:55,Santa Rosa,Vandalismo,-11.9403,-77.0646,26.9,FALSE,FALSE,Tarde
2026-04-02,09:48,Independencia,Robo a mano armada,-11.9198,-77.0866,16.1,TRUE,FALSE,Manana
2026-01-27,04:21,Puente Piedra,Robo a mano armada,-11.8903,-77.0233,21.5,TRUE,FALSE,Madrugada
2026-01-29,01:54,Santa Rosa,Extorsion,-11.9036,-77.0446,9.4,TRUE,TRUE,Madrugada
2026-01-28,02:58,Comas,Robo a mano armada,-11.8212,-77.0353,23.1,TRUE,FALSE,Madrugada
2026-02-01,06:28,Santa Rosa,Arrebato,-11.8366,-76.9804,25.7,FALSE,FALSE,Manana
2026-01-14,13:15,Puente Piedra,Vandalismo,-11.8006,-76.9335,15.7,FALSE,TRUE,Tarde
2026-02-20,22:14,Puente Piedra,Robo de vehiculo,-11.8281,-77.0278,9.7,TRUE,TRUE,Noche
2026-04-13,15:33,Ancon,Robo de vehiculo,-11.9812,-76.9091,28.7,FALSE,FALSE,Tarde
2026-03-21,15:41,Puente Piedra,Robo de vehiculo,-11.9147,-77.0006,17.3,TRUE,FALSE,Tarde
2026-03-08,18:20,Carabayllo,Robo de vehiculo,-11.8752,-76.9332,7.3,TRUE,FALSE,Noche
2026-03-21,21:17,Independencia,Hurto simple,-11.9056,-76.9922,13.7,FALSE,FALSE,Noche
2026-04-19,08:33,Comas,Hurto simple,-11.8369,-77.0274,21.5,TRUE,TRUE,Manana
2026-04-26,00:37,Comas,Arrebato,-11.8881,-77.0417,18.8,TRUE,TRUE,Madrugada
2026-01-13,21:19,Carabayllo,Robo de vehiculo,-11.8277,-77.0384,15.3,FALSE,TRUE,Noche
2026-03-18,07:00,Independencia,Hurto simple,-11.8601,-77.0323,27.3,FALSE,FALSE,Manana
2026-02-26,07:18,Comas,Vandalismo,-11.8692,-76.9158,29.9,FALSE,FALSE,Manana
2026-04-07,08:09,Comas,Robo a mano armada,-11.8819,-77.0701,8.3,TRUE,FALSE,Manana
2026-04-15,20:51,Carabayllo,Hurto simple,-11.8636,-77.0354,28.8,FALSE,FALSE,Noche
2026-04-20,20:42,San Martin de Porres,Hurto simple,-11.8006,-76.9737,11.0,FALSE,FALSE,Noche
2026-02-08,21:21,Carabayllo,Vandalismo,-11.8605,-76.9714,20.1,TRUE,TRUE,Noche
2026-04-26,00:22,Independencia,Robo de vehiculo,-11.8556,-76.9985,10.0,FALSE,TRUE,Madrugada
2026-03-29,22:46,Comas,Robo de vehiculo,-11.8507,-76.9164,10.5,TRUE,TRUE,Noche
2026-04-02,09:48,Ancon,Hurto simple,-11.8614,-76.9736,26.3,TRUE,FALSE,Manana
2026-02-06,11:35,Los Olivos,Arrebato,-11.9679,-76.9653,26.2,TRUE,TRUE,Manana
2026-04-13,13:21,Ancon,Robo a mano armada,-11.8973,-77.0201,18.4,TRUE,FALSE,Tarde
2026-03-01,16:31,Ancon,Hurto simple,-11.9315,-77.085,18.4,FALSE,TRUE,Tarde
2026-03-29,05:20,Carabayllo,Robo de vehiculo,-11.9455,-76.978,7.0,TRUE,FALSE,Madrugada
2026-03-26,08:07,Independencia,Extorsion,-11.874,-76.947,7.8,FALSE,FALSE,Manana
2026-03-25,20:39,Puente Piedra,Vandalismo,-11.9617,-77.0752,5.2,FALSE,TRUE,Noche
2026-03-24,05:16,Ancon,Extorsion,-11.8365,-77.0921,21.0,FALSE,TRUE,Madrugada
2026-04-06,10:00,Los Olivos,Robo de vehiculo,-11.9096,-76.9987,10.0,TRUE,FALSE,Manana
2026-03-24,17:35,Los Olivos,Extorsion,-11.8003,-77.0902,24.3,FALSE,FALSE,Tarde
2026-02-07,08:14,Ancon,Robo de vehiculo,-11.8716,-76.9335,28.1,FALSE,FALSE,Manana
2026-04-02,21:04,Los Olivos,Extorsion,-11.8777,-76.9342,10.0,TRUE,FALSE,Noche
2026-01-22,18:58,Puente Piedra,Vandalismo,-11.8926,-77.0371,27.7,FALSE,TRUE,Noche
2026-01-10,15:07,Comas,Arrebato,-11.9746,-76.9398,19.0,FALSE,FALSE,Tarde
2026-02-08,21:37,Independencia,Hurto simple,-11.9413,-76.9667,21.2,TRUE,TRUE,Noche
2026-01-03,06:13,Santa Rosa,Hurto simple,-11.8105,-77.058,23.6,TRUE,TRUE,Manana
2026-02-27,04:52,Santa Rosa,Robo a mano armada,-11.9198,-77.0718,13.1,TRUE,FALSE,Madrugada
2026-03-17,06:07,Carabayllo,Extorsion,-11.8132,-76.9182,7.2,FALSE,FALSE,Manana
2026-03-25,21:41,Ancon,Vandalismo,-11.9106,-76.9621,28.8,FALSE,FALSE,Noche
2026-02-08,18:18,Santa Rosa,Vandalismo,-11.9864,-77.0742,7.4,FALSE,TRUE,Noche
2026-03-19,09:35,Independencia,Robo a mano armada,-11.9751,-77.0623,21.4,TRUE,TRUE,Manana
2026-04-11,04:38,Carabayllo,Arrebato,-11.8414,-76.9719,13.1,TRUE,TRUE,Madrugada
2026-04-03,02:19,Ancon,Arrebato,-11.9985,-77.0229,8.6,FALSE,TRUE,Madrugada
2026-04-13,08:09,Comas,Extorsion,-11.9195,-76.945,14.3,TRUE,FALSE,Manana
2026-01-01,22:18,Independencia,Hurto simple,-11.873,-77.0198,9.3,FALSE,FALSE,Noche
2026-03-16,00:30,Comas,Robo de vehiculo,-11.8865,-77.0109,27.8,FALSE,TRUE,Madrugada
2026-04-16,14:31,Independencia,Robo a mano armada,-11.9511,-77.0397,5.9,TRUE,TRUE,Tarde
2026-02-06,03:15,Los Olivos,Arrebato,-11.8019,-77.0398,20.5,FALSE,TRUE,Madrugada
2026-04-25,19:50,San Martin de Porres,Robo a mano armada,-11.8799,-77.0719,7.0,TRUE,FALSE,Noche
2026-02-13,07:45,Santa Rosa,Arrebato,-11.934,-76.965,26.6,TRUE,FALSE,Manana
2026-02-23,21:10,Carabayllo,Arrebato,-11.9902,-77.0599,10.4,FALSE,TRUE,Noche
2026-02-20,20:39,Comas,Arrebato,-11.9471,-77.0902,27.2,FALSE,FALSE,Noche
2026-03-17,18:34,Comas,Vandalismo,-11.9604,-76.9624,6.0,TRUE,FALSE,Noche
2026-04-16,13:54,Ancon,Hurto simple,-11.9249,-76.9527,26.2,TRUE,TRUE,Tarde
2026-03-05,12:46,Carabayllo,Extorsion,-11.9915,-77.008,26.6,FALSE,FALSE,Tarde
2026-04-20,07:22,Comas,Arrebato,-11.8529,-77.0865,11.7,TRUE,FALSE,Manana
2026-02-23,09:59,Independencia,Hurto simple,-11.9739,-76.9882,24.2,FALSE,FALSE,Manana
2026-01-25,01:41,Santa Rosa,Arrebato,-11.9475,-77.003,6.8,TRUE,FALSE,Madrugada
2026-03-09,04:04,Carabayllo,Robo de vehiculo,-11.8968,-76.9419,24.1,FALSE,FALSE,Madrugada
2026-02-26,17:46,Ancon,Robo a mano armada,-11.9848,-76.9213,15.6,TRUE,FALSE,Tarde
2026-02-09,05:09,Independencia,Vandalismo,-11.8464,-76.902,12.8,TRUE,FALSE,Madrugada
2026-01-27,11:08,Ancon,Extorsion,-11.8397,-76.9838,16.1,FALSE,FALSE,Manana
2026-01-28,01:53,Comas,Robo de vehiculo,-11.9287,-76.9972,12.0,FALSE,FALSE,Madrugada
2026-04-17,09:53,Los Olivos,Extorsion,-11.8369,-77.0564,16.5,FALSE,FALSE,Manana
2026-03-12,12:09,Comas,Robo a mano armada,-11.9298,-77.0354,19.1,TRUE,FALSE,Tarde
2026-01-24,14:42,Carabayllo,Hurto simple,-11.968,-76.9597,25.9,FALSE,FALSE,Tarde
2026-02-03,00:42,Independencia,Robo de vehiculo,-11.8422,-77.0808,26.6,TRUE,FALSE,Madrugada
2026-03-29,00:09,Ancon,Vandalismo,-11.9058,-76.9477,18.3,TRUE,FALSE,Madrugada
2026-03-06,04:23,Independencia,Robo a mano armada,-11.8978,-76.9898,18.9,TRUE,FALSE,Madrugada
2026-03-17,23:19,Santa Rosa,Arrebato,-11.8278,-76.9149,21.8,FALSE,FALSE,Noche
2026-04-22,10:12,San Martin de Porres,Arrebato,-11.8696,-76.9742,27.6,FALSE,TRUE,Manana
2026-03-25,02:01,San Martin de Porres,Hurto simple,-11.9257,-77.0039,11.3,TRUE,FALSE,Madrugada
2026-04-07,20:04,Santa Rosa,Vandalismo,-11.8168,-76.9963,24.8,TRUE,TRUE,Noche
2026-01-19,15:35,San Martin de Porres,Robo a mano armada,-11.9689,-77.0236,25.2,TRUE,FALSE,Tarde
2026-01-09,09:24,Comas,Hurto simple,-11.9951,-76.9116,20.3,FALSE,FALSE,Manana
2026-02-12,02:37,Los Olivos,Robo a mano armada,-11.9352,-76.9701,24.5,TRUE,FALSE,Madrugada
2026-03-21,22:40,Carabayllo,Arrebato,-11.8069,-77.0488,23.5,TRUE,FALSE,Noche
2026-01-30,22:15,San Martin de Porres,Vandalismo,-11.9527,-76.9921,8.7,TRUE,FALSE,Noche
2026-03-18,15:05,Los Olivos,Extorsion,-11.9567,-77.0102,29.1,FALSE,FALSE,Tarde
2026-01-12,15:33,Carabayllo,Vandalismo,-11.8876,-76.9857,19.9,TRUE,FALSE,Tarde
2026-02-21,01:41,Santa Rosa,Robo a mano armada,-11.9123,-76.911,8.0,TRUE,FALSE,Madrugada
2026-02-14,03:26,Comas,Arrebato,-11.8006,-76.9279,9.6,TRUE,FALSE,Madrugada
2026-01-03,09:49,Puente Piedra,Arrebato,-11.9934,-77.0169,20.0,FALSE,FALSE,Manana
2026-01-27,01:38,Los Olivos,Arrebato,-11.8999,-77.04,12.0,FALSE,TRUE,Madrugada
2026-04-24,04:00,Puente Piedra,Hurto simple,-11.9362,-77.0503,10.5,FALSE,FALSE,Madrugada
2026-01-04,09:43,Carabayllo,Robo a mano armada,-11.9512,-76.9122,12.8,TRUE,TRUE,Manana
2026-02-04,04:01,San Martin de Porres,Robo de vehiculo,-11.9443,-77.0049,24.8,FALSE,FALSE,Madrugada
2026-03-17,03:14,Comas,Hurto simple,-11.9317,-77.0248,10.9,TRUE,TRUE,Madrugada
2026-02-12,12:48,Independencia,Robo a mano armada,-11.9467,-77.0357,23.1,TRUE,TRUE,Tarde
2026-02-10,00:27,Santa Rosa,Robo a mano armada,-11.9601,-76.9874,17.4,TRUE,FALSE,Madrugada
2026-01-20,05:22,Independencia,Extorsion,-11.8116,-76.9308,11.8,TRUE,FALSE,Madrugada
2026-03-06,23:38,Independencia,Robo de vehiculo,-11.8485,-77.0045,9.4,TRUE,FALSE,Noche
2026-02-17,21:10,Los Olivos,Vandalismo,-11.9251,-76.9455,22.6,FALSE,TRUE,Noche
2026-04-19,01:22,San Martin de Porres,Hurto simple,-11.8908,-77.0807,17.6,FALSE,FALSE,Madrugada
2026-03-03,21:39,Los Olivos,Extorsion,-11.8416,-76.9118,12.6,FALSE,FALSE,Noche
2026-02-22,21:42,Ancon,Arrebato,-11.9554,-77.0951,25.4,FALSE,FALSE,Noche
2026-03-01,15:36,Comas,Hurto simple,-11.994,-77.03,13.0,TRUE,TRUE,Tarde
2026-03-02,02:52,Comas,Vandalismo,-11.8528,-76.9413,11.0,TRUE,FALSE,Madrugada
2026-01-02,08:00,Santa Rosa,Hurto simple,-11.8353,-77.0022,13.3,TRUE,TRUE,Manana
2026-04-17,01:24,Comas,Vandalismo,-11.8973,-76.963,27.1,FALSE,TRUE,Madrugada
2026-03-22,15:49,Santa Rosa,Vandalismo,-11.9961,-76.9111,12.5,FALSE,FALSE,Tarde
2026-04-24,14:44,Los Olivos,Hurto simple,-11.8374,-76.9218,16.5,FALSE,TRUE,Tarde
2026-02-09,05:25,San Martin de Porres,Arrebato,-11.8824,-77.0164,21.9,TRUE,FALSE,Madrugada
2026-01-10,00:24,Puente Piedra,Robo a mano armada,-11.8382,-77.0911,24.5,TRUE,FALSE,Madrugada
2026-04-16,00:55,Puente Piedra,Vandalismo,-11.8524,-77.0162,23.1,TRUE,FALSE,Madrugada
2026-01-17,22:26,Independencia,Extorsion,-11.8059,-77.0007,22.3,FALSE,TRUE,Noche
2026-02-09,07:04,Ancon,Vandalismo,-11.917,-76.966,13.5,FALSE,FALSE,Manana
2026-04-04,17:03,Los Olivos,Hurto simple,-11.8999,-76.9692,16.2,FALSE,TRUE,Tarde
2026-02-12,18:14,Ancon,Hurto simple,-11.9989,-76.9482,22.9,FALSE,FALSE,Noche
2026-01-17,09:14,Comas,Extorsion,-11.8849,-77.0838,22.7,FALSE,FALSE,Manana
2026-02-01,12:57,Carabayllo,Arrebato,-11.914,-76.9685,28.2,TRUE,FALSE,Tarde
2026-04-19,19:38,Comas,Arrebato,-11.8415,-77.0716,20.1,TRUE,TRUE,Noche
2026-03-24,11:12,Santa Rosa,Extorsion,-11.9918,-77.0792,19.5,FALSE,FALSE,Manana
2026-04-03,13:08,Puente Piedra,Vandalismo,-11.8508,-77.0323,5.0,FALSE,FALSE,Tarde
2026-04-24,18:31,Carabayllo,Robo de vehiculo,-11.8671,-77.0669,6.3,FALSE,FALSE,Noche
2026-05-01,13:39,Ancon,Extorsion,-11.9962,-77.091,12.5,FALSE,TRUE,Tarde
2026-03-05,10:57,Comas,Robo de vehiculo,-11.8441,-77.0192,28.6,FALSE,TRUE,Manana
2026-02-17,08:59,Santa Rosa,Vandalismo,-11.8052,-76.9282,13.6,TRUE,TRUE,Manana
2026-01-11,04:10,Independencia,Arrebato,-11.8315,-76.9066,26.8,FALSE,FALSE,Madrugada
2026-01-23,17:40,Santa Rosa,Arrebato,-11.8734,-77.0261,5.8,FALSE,FALSE,Tarde
2026-01-04,12:17,San Martin de Porres,Arrebato,-11.8913,-76.9352,12.3,FALSE,FALSE,Tarde
2026-04-16,17:57,Ancon,Extorsion,-11.8001,-77.0905,10.3,FALSE,FALSE,Tarde
2026-04-12,20:27,San Martin de Porres,Vandalismo,-11.8029,-76.9551,29.8,TRUE,FALSE,Noche
2026-01-22,04:56,Puente Piedra,Robo a mano armada,-11.8006,-77.0814,14.5,TRUE,TRUE,Madrugada
2026-03-15,01:14,Santa Rosa,Hurto simple,-11.9509,-77.0119,9.1,FALSE,TRUE,Madrugada
2026-03-25,06:32,San Martin de Porres,Arrebato,-11.8476,-77.0845,18.3,FALSE,FALSE,Manana
2026-03-18,05:12,San Martin de Porres,Arrebato,-11.9608,-76.9102,29.7,TRUE,FALSE,Madrugada
2026-01-30,23:24,Comas,Extorsion,-11.9302,-76.9944,15.1,FALSE,FALSE,Noche
2026-04-06,14:32,Comas,Hurto simple,-11.8178,-77.071,10.9,FALSE,FALSE,Tarde
2026-01-12,07:20,Independencia,Arrebato,-11.8894,-77.0575,29.0,TRUE,TRUE,Manana
2026-01-17,06:55,Carabayllo,Robo de vehiculo,-11.8637,-77.0726,19.8,FALSE,FALSE,Manana
2026-04-24,14:49,San Martin de Porres,Vandalismo,-11.8604,-77.0965,16.1,TRUE,TRUE,Tarde
2026-04-24,00:53,Puente Piedra,Robo de vehiculo,-11.9464,-77.0674,14.6,FALSE,FALSE,Madrugada
2026-05-01,19:09,Comas,Hurto simple,-11.8212,-76.9746,13.3,FALSE,FALSE,Noche
2026-04-15,00:17,Ancon,Robo de vehiculo,-11.9153,-77.0826,9.4,FALSE,TRUE,Madrugada
2026-01-22,23:51,Comas,Robo a mano armada,-11.9039,-76.9672,20.4,TRUE,TRUE,Noche
2026-02-15,20:21,Santa Rosa,Hurto simple,-11.9344,-76.9202,12.0,TRUE,FALSE,Noche
2026-02-20,06:35,Carabayllo,Vandalismo,-11.8508,-77.0402,14.9,FALSE,FALSE,Manana
2026-04-25,15:25,Ancon,Arrebato,-11.9153,-76.9722,15.7,TRUE,TRUE,Tarde
2026-01-13,19:04,Independencia,Arrebato,-11.9329,-77.0078,27.8,FALSE,FALSE,Noche
2026-02-05,16:19,Puente Piedra,Hurto simple,-11.828,-77.0396,12.8,TRUE,FALSE,Tarde
2026-03-04,10:14,Los Olivos,Robo de vehiculo,-11.9721,-77.0477,23.2,FALSE,FALSE,Manana
2026-03-24,00:00,San Martin de Porres,Hurto simple,-11.9575,-76.942,7.7,FALSE,FALSE,Madrugada
2026-01-31,18:50,Comas,Vandalismo,-11.8091,-77.0398,5.6,FALSE,TRUE,Noche
2026-01-11,10:33,Santa Rosa,Hurto simple,-11.981,-76.9025,27.3,FALSE,TRUE,Manana
2026-02-06,06:56,Santa Rosa,Robo a mano armada,-11.9334,-76.9995,6.2,TRUE,FALSE,Manana
2026-03-25,14:05,San Martin de Porres,Hurto simple,-11.9305,-77.0977,24.8,TRUE,TRUE,Tarde
2026-03-08,16:44,Puente Piedra,Vandalismo,-11.877,-76.9497,29.2,FALSE,FALSE,Tarde
2026-03-20,22:29,Independencia,Robo a mano armada,-11.9038,-77.0408,6.6,TRUE,FALSE,Noche
2026-01-12,05:16,Los Olivos,Arrebato,-11.8196,-76.9427,11.1,FALSE,TRUE,Madrugada
2026-04-20,06:14,Independencia,Arrebato,-11.9468,-76.9913,7.0,FALSE,FALSE,Manana
2026-04-07,10:19,Carabayllo,Robo a mano armada,-11.8599,-76.9191,29.1,TRUE,FALSE,Manana
2026-03-30,20:39,Comas,Hurto simple,-11.8021,-77.0163,18.7,TRUE,FALSE,Noche
2026-02-08,23:00,Puente Piedra,Robo a mano armada,-11.8938,-76.9719,8.5,TRUE,FALSE,Noche
2026-04-10,09:05,Ancon,Hurto simple,-11.986,-76.9171,6.0,FALSE,TRUE,Manana
2026-01-22,23:41,Ancon,Robo de vehiculo,-11.9246,-76.9295,20.1,FALSE,FALSE,Noche
2026-04-16,21:41,Los Olivos,Extorsion,-11.824,-77.0045,20.5,TRUE,FALSE,Noche
2026-03-14,12:28,San Martin de Porres,Robo a mano armada,-11.9868,-76.9471,12.5,TRUE,FALSE,Tarde
2026-04-01,23:24,Independencia,Vandalismo,-11.8816,-76.9867,10.4,FALSE,FALSE,Noche
2026-01-09,12:31,Independencia,Arrebato,-11.8256,-77.038,27.5,FALSE,FALSE,Tarde
2026-01-22,23:58,Carabayllo,Robo de vehiculo,-11.8166,-76.9336,17.9,FALSE,FALSE,Noche
2026-01-14,22:45,Ancon,Vandalismo,-11.954,-77.0441,27.6,TRUE,FALSE,Noche
2026-04-11,16:09,Santa Rosa,Extorsion,-11.978,-77.0908,29.3,TRUE,TRUE,Tarde
2026-04-28,17:46,Santa Rosa,Vandalismo,-11.841,-77.0941,11.9,FALSE,FALSE,Tarde
2026-03-28,15:09,Puente Piedra,Robo de vehiculo,-11.8298,-77.0012,9.0,TRUE,FALSE,Tarde
2026-04-29,17:52,Independencia,Hurto simple,-11.9815,-77.045,18.6,FALSE,FALSE,Tarde
2026-01-07,03:27,Puente Piedra,Vandalismo,-11.8804,-77.0125,8.5,TRUE,FALSE,Madrugada
2026-02-14,14:44,Carabayllo,Hurto simple,-11.9574,-76.9007,22.3,TRUE,FALSE,Tarde
2026-01-10,20:26,Los Olivos,Vandalismo,-11.8282,-76.9349,18.4,TRUE,FALSE,Noche
2026-03-23,16:48,Comas,Hurto simple,-11.8069,-77.0413,24.5,FALSE,TRUE,Tarde
2026-01-09,02:04,San Martin de Porres,Robo a mano armada,-11.8402,-76.9271,10.1,TRUE,TRUE,Madrugada
2026-01-04,07:45,Santa Rosa,Arrebato,-11.871,-77.0608,9.0,FALSE,TRUE,Manana
2026-04-16,18:24,Santa Rosa,Hurto simple,-11.9711,-76.9916,6.9,FALSE,TRUE,Noche
2026-04-01,20:42,Puente Piedra,Robo a mano armada,-11.9906,-76.9743,19.9,TRUE,FALSE,Noche
2026-03-05,15:58,San Martin de Porres,Robo de vehiculo,-11.9307,-76.9444,12.0,TRUE,FALSE,Tarde
2026-03-03,22:26,San Martin de Porres,Robo a mano armada,-11.9585,-77.0166,23.4,TRUE,FALSE,Noche
2026-04-12,15:07,Independencia,Extorsion,-11.9387,-76.9281,10.4,TRUE,TRUE,Tarde
2026-04-12,16:15,Independencia,Arrebato,-11.884,-76.9858,16.3,TRUE,TRUE,Tarde
2026-04-11,18:33,Independencia,Vandalismo,-11.8973,-77.0158,16.5,TRUE,TRUE,Noche
2026-01-24,12:25,Comas,Robo a mano armada,-11.8352,-77.0993,24.1,TRUE,TRUE,Tarde
2026-02-23,10:53,Ancon,Arrebato,-11.9914,-77.0173,12.0,TRUE,FALSE,Manana
2026-04-07,15:39,Comas,Robo de vehiculo,-11.853,-77.0566,8.0,FALSE,TRUE,Tarde
2026-04-17,19:25,Santa Rosa,Robo de vehiculo,-11.9981,-76.9149,14.1,FALSE,FALSE,Noche
2026-02-17,11:26,Comas,Robo de vehiculo,-11.9913,-77.0105,15.0,TRUE,FALSE,Manana
2026-04-21,15:49,Ancon,Arrebato,-11.9781,-77.0348,21.1,TRUE,FALSE,Tarde
2026-04-16,16:04,Santa Rosa,Robo a mano armada,-11.9579,-76.9927,18.4,TRUE,TRUE,Tarde
2026-03-23,15:48,San Martin de Porres,Hurto simple,-11.9582,-77.0967,24.9,FALSE,TRUE,Tarde
2026-01-29,05:38,Carabayllo,Vandalismo,-11.9292,-77.0905,7.8,TRUE,TRUE,Madrugada
2026-04-28,09:56,Comas,Robo de vehiculo,-11.9081,-76.9005,13.3,FALSE,FALSE,Manana
2026-01-05,02:37,San Martin de Porres,Arrebato,-11.9102,-77.0278,5.7,FALSE,TRUE,Madrugada
2026-02-28,22:23,Los Olivos,Vandalismo,-11.8915,-77.0257,10.1,TRUE,FALSE,Noche
2026-03-28,08:26,San Martin de Porres,Arrebato,-11.853,-76.9049,27.4,FALSE,TRUE,Manana
2026-02-04,05:50,Comas,Arrebato,-11.8272,-76.9251,25.4,TRUE,FALSE,Madrugada
2026-03-07,08:46,Carabayllo,Arrebato,-11.8037,-77.0633,23.4,TRUE,FALSE,Manana
2026-01-02,20:37,Puente Piedra,Vandalismo,-11.9564,-76.9896,13.2,FALSE,FALSE,Noche
2026-04-04,21:20,San Martin de Porres,Robo a mano armada,-11.9768,-76.9765,11.7,TRUE,FALSE,Noche
2026-01-14,20:39,Santa Rosa,Vandalismo,-11.9017,-76.978,24.0,FALSE,TRUE,Noche
2026-04-06,03:24,Puente Piedra,Vandalismo,-11.8136,-77.0701,12.9,FALSE,FALSE,Madrugada
2026-04-26,17:33,Carabayllo,Vandalismo,-11.9311,-77.0184,27.0,FALSE,TRUE,Tarde
2026-01-29,18:32,Independencia,Arrebato,-11.9438,-76.9788,6.6,FALSE,TRUE,Noche
2026-02-20,11:56,San Martin de Porres,Robo a mano armada,-11.9316,-76.9669,16.0,TRUE,FALSE,Manana
2026-01-02,09:50,Santa Rosa,Arrebato,-11.9132,-77.0165,27.1,TRUE,FALSE,Manana
2026-04-06,13:01,Santa Rosa,Arrebato,-11.9753,-77.0278,8.8,TRUE,FALSE,Tarde
2026-01-20,23:49,San Martin de Porres,Vandalismo,-11.9245,-76.9123,14.1,FALSE,TRUE,Noche
2026-03-05,10:15,Santa Rosa,Robo de vehiculo,-11.8947,-77.0544,5.2,FALSE,FALSE,Manana
2026-03-23,02:00,Comas,Robo a mano armada,-11.8327,-76.9568,13.0,TRUE,FALSE,Madrugada
2026-04-13,23:09,Puente Piedra,Arrebato,-11.885,-77.0917,11.9,TRUE,TRUE,Noche
2026-01-18,08:21,San Martin de Porres,Robo a mano armada,-11.994,-77.065,25.0,TRUE,TRUE,Manana
2026-01-13,11:51,San Martin de Porres,Arrebato,-11.9622,-77.0985,23.1,TRUE,TRUE,Manana
2026-03-24,23:12,Santa Rosa,Robo de vehiculo,-11.8474,-77.0543,13.7,FALSE,TRUE,Noche
2026-04-25,09:58,Independencia,Hurto simple,-11.9419,-77.0868,29.7,FALSE,FALSE,Manana
2026-01-19,18:06,Los Olivos,Extorsion,-11.9312,-77.0567,23.5,FALSE,FALSE,Noche
2026-03-15,09:36,Santa Rosa,Hurto simple,-11.9496,-76.9624,19.3,TRUE,TRUE,Manana
2026-03-14,23:37,Puente Piedra,Extorsion,-11.9897,-77.0238,17.3,FALSE,TRUE,Noche
2026-04-29,22:03,Ancon,Extorsion,-11.8903,-77.0704,11.2,FALSE,FALSE,Noche
2026-01-08,07:46,Independencia,Hurto simple,-11.83,-76.9127,19.0,FALSE,TRUE,Manana
2026-01-21,06:39,Puente Piedra,Extorsion,-11.9901,-76.9499,13.9,TRUE,TRUE,Manana
2026-03-05,11:54,San Martin de Porres,Extorsion,-11.9949,-77.0232,6.7,FALSE,FALSE,Manana
2026-02-15,21:50,Independencia,Robo de vehiculo,-11.9676,-76.9308,17.7,TRUE,TRUE,Noche
2026-04-25,23:41,Santa Rosa,Robo a mano armada,-11.8084,-77.0055,15.5,TRUE,TRUE,Noche
2026-04-14,22:06,Puente Piedra,Robo a mano armada,-11.8866,-77.0488,17.6,TRUE,FALSE,Noche
2026-04-29,12:34,Los Olivos,Arrebato,-11.8681,-76.972,17.9,FALSE,FALSE,Tarde
2026-03-15,22:41,San Martin de Porres,Robo de vehiculo,-11.9872,-77.0476,14.6,TRUE,FALSE,Noche
2026-01-28,15:32,Ancon,Vandalismo,-11.8949,-77.0394,27.7,TRUE,FALSE,Tarde
2026-02-08,19:23,Ancon,Vandalismo,-11.8938,-77.0133,14.3,FALSE,FALSE,Noche
2026-01-13,22:02,Ancon,Extorsion,-11.9368,-77.0239,25.8,FALSE,FALSE,Noche
2026-02-21,18:42,Los Olivos,Extorsion,-11.8452,-76.9948,10.7,FALSE,TRUE,Noche
2026-03-28,12:50,Santa Rosa,Hurto simple,-11.863,-77.0598,23.4,FALSE,FALSE,Tarde
2026-03-30,11:18,Puente Piedra,Robo a mano armada,-11.9446,-77.0082,23.1,TRUE,FALSE,Manana
2026-03-21,22:29,Ancon,Robo de vehiculo,-11.8374,-77.0071,14.5,FALSE,FALSE,Noche
2026-01-28,08:49,Ancon,Vandalismo,-11.8021,-77.0765,13.4,FALSE,FALSE,Manana
2026-02-02,17:27,Ancon,Extorsion,-11.8617,-76.9183,5.8,TRUE,FALSE,Tarde
2026-01-14,11:49,Independencia,Arrebato,-11.8479,-77.0281,28.1,FALSE,FALSE,Manana
2026-04-14,07:30,Puente Piedra,Arrebato,-11.8707,-77.0158,23.0,TRUE,FALSE,Manana
2026-01-27,09:56,Puente Piedra,Extorsion,-11.9842,-77.0843,29.7,TRUE,FALSE,Manana
2026-02-09,17:21,Carabayllo,Vandalismo,-11.9376,-76.9463,22.9,TRUE,FALSE,Tarde
2026-01-19,19:28,Ancon,Vandalismo,-11.8336,-76.973,7.7,TRUE,TRUE,Noche
2026-03-10,21:07,Puente Piedra,Robo a mano armada,-11.8112,-76.9006,7.9,TRUE,FALSE,Noche
2026-03-03,05:58,Puente Piedra,Robo a mano armada,-11.8043,-76.9916,16.6,TRUE,FALSE,Madrugada
2026-02-09,16:36,Comas,Vandalismo,-11.8606,-76.9278,24.9,TRUE,TRUE,Tarde
2026-01-19,03:31,Los Olivos,Hurto simple,-11.9435,-77.0208,27.3,FALSE,TRUE,Madrugada
2026-03-17,12:09,Independencia,Robo de vehiculo,-11.8172,-77.0182,8.2,TRUE,FALSE,Tarde
2026-01-30,19:53,Ancon,Vandalismo,-11.968,-77.014,24.3,FALSE,FALSE,Noche
2026-02-25,13:07,Puente Piedra,Vandalismo,-11.8837,-76.9082,25.9,TRUE,FALSE,Tarde
2026-04-20,14:46,Independencia,Hurto simple,-11.9917,-76.9299,11.5,TRUE,FALSE,Tarde
2026-01-31,03:33,Comas,Hurto simple,-11.8603,-76.9022,24.5,FALSE,TRUE,Madrugada
2026-01-17,19:37,Ancon,Extorsion,-11.9967,-77.0248,22.3,TRUE,FALSE,Noche
2026-04-13,08:51,Comas,Robo a mano armada,-11.9834,-76.9748,15.6,TRUE,FALSE,Manana
2026-01-10,19:44,Comas,Robo de vehiculo,-11.9236,-77.0234,7.7,FALSE,TRUE,Noche
2026-02-13,09:17,Puente Piedra,Robo a mano armada,-11.9289,-76.9115,14.4,TRUE,FALSE,Manana
2026-02-23,14:39,Independencia,Hurto simple,-11.9618,-77.0864,22.2,FALSE,FALSE,Tarde
2026-01-19,00:42,Santa Rosa,Robo de vehiculo,-11.8917,-76.9006,6.8,TRUE,FALSE,Madrugada
2026-01-09,19:56,Santa Rosa,Vandalismo,-11.8952,-77.0311,8.0,FALSE,TRUE,Noche
2026-01-25,03:46,Independencia,Extorsion,-11.9324,-77.0965,19.2,TRUE,FALSE,Madrugada
2026-03-24,07:22,Santa Rosa,Vandalismo,-11.8975,-77.0832,7.0,FALSE,FALSE,Manana
2026-03-02,05:50,Ancon,Arrebato,-11.9233,-77.0175,27.5,TRUE,FALSE,Madrugada
2026-04-02,15:43,San Martin de Porres,Vandalismo,-11.9113,-76.926,28.0,FALSE,FALSE,Tarde
2026-01-14,16:55,Puente Piedra,Extorsion,-11.8153,-77.0782,10.6,FALSE,TRUE,Tarde
2026-04-01,17:40,Independencia,Arrebato,-11.9065,-76.9392,10.6,TRUE,TRUE,Tarde
2026-01-15,19:43,Los Olivos,Robo de vehiculo,-11.9217,-76.9701,29.7,TRUE,FALSE,Noche
2026-01-03,00:43,Carabayllo,Hurto simple,-11.86,-77.0587,29.0,FALSE,FALSE,Madrugada
2026-01-27,13:08,Independencia,Vandalismo,-11.8188,-76.9662,19.4,FALSE,FALSE,Tarde
2026-02-09,06:30,San Martin de Porres,Arrebato,-11.9476,-76.9876,23.4,FALSE,FALSE,Manana
2026-01-23,10:52,Independencia,Hurto simple,-11.8796,-76.9884,8.0,TRUE,TRUE,Manana
2026-04-07,05:15,Puente Piedra,Hurto simple,-11.9219,-77.0976,9.9,TRUE,FALSE,Madrugada
2026-03-29,04:14,Ancon,Hurto simple,-11.9715,-77.0916,9.0,TRUE,FALSE,Madrugada
2026-01-31,21:02,Puente Piedra,Robo a mano armada,-11.9971,-76.9862,13.4,TRUE,TRUE,Noche
2026-04-04,02:38,Puente Piedra,Hurto simple,-11.916,-76.9661,10.7,TRUE,FALSE,Madrugada
2026-02-10,14:06,Comas,Robo a mano armada,-11.9232,-77.0069,12.1,TRUE,FALSE,Tarde
2026-03-03,12:40,Carabayllo,Extorsion,-11.9767,-76.9116,18.6,FALSE,TRUE,Tarde
2026-03-02,12:56,Santa Rosa,Hurto simple,-11.8673,-76.9337,15.9,FALSE,FALSE,Tarde
2026-03-26,07:48,Carabayllo,Robo a mano armada,-11.8737,-77.0762,22.3,TRUE,TRUE,Manana
2026-01-04,13:26,Ancon,Robo de vehiculo,-11.9523,-76.9089,5.6,TRUE,FALSE,Tarde
2026-04-06,21:54,San Martin de Porres,Vandalismo,-11.9712,-76.9554,25.0,TRUE,FALSE,Noche
2026-04-01,03:16,San Martin de Porres,Extorsion,-11.8583,-77.0593,24.5,FALSE,FALSE,Madrugada
2026-04-11,10:42,Independencia,Robo de vehiculo,-11.9808,-76.9378,28.6,TRUE,FALSE,Manana
2026-04-03,02:42,San Martin de Porres,Robo a mano armada,-11.9211,-77.0455,18.7,TRUE,FALSE,Madrugada
2026-03-28,13:10,Santa Rosa,Vandalismo,-11.8112,-76.9786,8.6,FALSE,FALSE,Tarde
2026-01-12,11:49,Carabayllo,Hurto simple,-11.9915,-76.949,20.7,FALSE,TRUE,Manana
2026-03-08,01:24,Ancon,Extorsion,-11.8198,-77.0969,15.0,FALSE,TRUE,Madrugada
2026-02-21,12:52,Puente Piedra,Robo de vehiculo,-11.8954,-76.963,29.4,FALSE,FALSE,Tarde
2026-04-16,04:28,Los Olivos,Arrebato,-11.9507,-76.9353,25.7,FALSE,FALSE,Madrugada
2026-04-30,20:36,San Martin de Porres,Robo de vehiculo,-11.9255,-77.0131,5.2,FALSE,FALSE,Noche
2026-02-02,16:55,Comas,Arrebato,-11.8677,-77.0268,26.0,TRUE,FALSE,Tarde
2026-03-29,02:00,Independencia,Hurto simple,-11.8333,-76.9193,22.3,TRUE,FALSE,Madrugada
2026-03-30,02:38,San Martin de Porres,Arrebato,-11.9173,-76.9109,23.9,TRUE,FALSE,Madrugada
2026-04-25,09:33,Puente Piedra,Robo de vehiculo,-11.9942,-77.0239,9.3,TRUE,TRUE,Manana
2026-01-19,19:42,San Martin de Porres,Arrebato,-11.9474,-76.9884,20.2,FALSE,FALSE,Noche
2026-02-10,12:02,Ancon,Extorsion,-11.9331,-77.0359,8.8,TRUE,FALSE,Tarde
2026-04-11,11:04,San Martin de Porres,Robo a mano armada,-11.9509,-77.0929,28.8,TRUE,FALSE,Manana
2026-01-11,13:32,Santa Rosa,Arrebato,-11.841,-76.9653,26.7,FALSE,FALSE,Tarde
2026-01-18,03:45,Santa Rosa,Robo de vehiculo,-11.8698,-76.9494,15.4,FALSE,TRUE,Madrugada
2026-04-08,02:51,Carabayllo,Arrebato,-11.8166,-76.9766,22.6,TRUE,TRUE,Madrugada
2026-03-20,11:29,San Martin de Porres,Arrebato,-11.9406,-77.0275,7.7,FALSE,TRUE,Manana
2026-02-20,06:13,Ancon,Arrebato,-11.8571,-76.9505,5.4,TRUE,FALSE,Manana
2026-03-29,09:13,Santa Rosa,Hurto simple,-11.8909,-76.9905,17.2,TRUE,FALSE,Manana
2026-04-30,15:04,Puente Piedra,Vandalismo,-11.842,-76.9178,22.6,TRUE,FALSE,Tarde
2026-04-19,15:25,Los Olivos,Extorsion,-11.8994,-76.9002,9.8,FALSE,FALSE,Tarde
2026-02-15,17:57,Carabayllo,Robo a mano armada,-11.9091,-76.9313,16.7,TRUE,TRUE,Tarde
2026-02-21,15:03,Puente Piedra,Arrebato,-11.8889,-76.9964,19.9,TRUE,TRUE,Tarde
2026-04-09,00:59,Carabayllo,Extorsion,-11.9447,-76.9245,18.6,FALSE,TRUE,Madrugada
2026-03-21,08:10,Ancon,Extorsion,-11.9354,-77.0807,13.0,TRUE,FALSE,Manana
2026-03-25,20:07,Independencia,Robo de vehiculo,-11.8439,-77.0116,7.6,TRUE,FALSE,Noche
2026-02-20,21:50,San Martin de Porres,Arrebato,-11.9012,-76.947,27.3,TRUE,FALSE,Noche
2026-03-18,18:08,Carabayllo,Robo a mano armada,-11.9305,-77.0269,26.0,TRUE,FALSE,Noche
2026-01-23,00:27,Puente Piedra,Robo a mano armada,-11.9014,-77.0165,16.8,TRUE,FALSE,Madrugada
2026-02-17,09:31,Santa Rosa,Arrebato,-11.9401,-76.9745,22.9,TRUE,TRUE,Manana
2026-01-13,07:57,Ancon,Hurto simple,-11.8182,-76.9926,20.7,TRUE,FALSE,Manana
2026-01-12,18:57,Santa Rosa,Hurto simple,-11.9385,-77.0403,7.1,FALSE,FALSE,Noche
2026-01-04,05:21,Independencia,Hurto simple,-11.8175,-76.9406,21.1,FALSE,FALSE,Madrugada
2026-03-02,19:28,Ancon,Robo a mano armada,-11.9832,-76.9793,14.6,TRUE,TRUE,Noche
2026-04-04,08:52,Ancon,Robo de vehiculo,-11.9413,-76.9565,11.3,FALSE,FALSE,Manana
2026-01-31,20:18,Ancon,Arrebato,-11.8943,-77.0075,9.5,FALSE,TRUE,Noche
2026-04-03,08:09,San Martin de Porres,Vandalismo,-11.8598,-76.9461,9.8,FALSE,FALSE,Manana
2026-04-11,18:45,Ancon,Vandalismo,-11.9762,-77.0783,29.5,FALSE,TRUE,Noche
2026-01-13,07:40,San Martin de Porres,Robo de vehiculo,-11.9534,-77.085,27.6,FALSE,TRUE,Manana
2026-02-09,02:31,Independencia,Robo a mano armada,-11.8659,-77.0865,6.6,TRUE,TRUE,Madrugada
2026-03-26,13:10,Santa Rosa,Robo de vehiculo,-11.8301,-77.0456,27.1,FALSE,FALSE,Tarde
2026-03-07,14:41,Puente Piedra,Robo de vehiculo,-11.8143,-76.9235,9.7,TRUE,FALSE,Tarde
2026-03-23,23:41,Independencia,Extorsion,-11.819,-77.0748,28.1,FALSE,FALSE,Noche
2026-01-24,02:45,Santa Rosa,Arrebato,-11.8392,-77.0191,12.0,FALSE,FALSE,Madrugada
2026-02-02,08:21,Puente Piedra,Robo a mano armada,-11.8934,-76.9112,24.8,TRUE,FALSE,Manana
2026-03-01,19:19,Independencia,Hurto simple,-11.8752,-77.0044,18.0,FALSE,FALSE,Noche
2026-02-04,13:22,Puente Piedra,Robo a mano armada,-11.8253,-76.9621,17.2,TRUE,FALSE,Tarde
2026-04-09,06:46,Ancon,Extorsion,-11.9681,-76.971,8.2,TRUE,TRUE,Manana
2026-03-08,21:11,Santa Rosa,Extorsion,-11.8793,-77.0536,10.9,TRUE,FALSE,Noche
2026-04-15,01:18,Independencia,Arrebato,-11.8791,-77.0987,13.2,TRUE,FALSE,Madrugada
2026-02-25,23:12,Ancon,Arrebato,-11.9959,-76.9279,20.2,FALSE,FALSE,Noche
2026-01-20,00:01,Comas,Robo de vehiculo,-11.9076,-76.9521,9.6,TRUE,TRUE,Madrugada
2026-04-30,05:28,Carabayllo,Vandalismo,-11.9326,-76.9466,28.4,FALSE,FALSE,Madrugada
2026-03-01,07:47,Los Olivos,Extorsion,-11.9677,-77.037,23.7,FALSE,FALSE,Manana
2026-01-22,20:10,Ancon,Extorsion,-11.92,-77.0197,25.9,FALSE,TRUE,Noche
2026-02-02,02:06,San Martin de Porres,Hurto simple,-11.9126,-76.9571,24.2,TRUE,FALSE,Madrugada
2026-04-14,09:12,Los Olivos,Hurto simple,-11.8516,-77.0558,9.8,FALSE,FALSE,Manana
2026-01-29,12:16,San Martin de Porres,Robo de vehiculo,-11.9827,-77.0508,18.6,TRUE,FALSE,Tarde
2026-01-03,02:03,Puente Piedra,Robo a mano armada,-11.8957,-77.0337,7.7,TRUE,FALSE,Madrugada
2026-02-28,01:25,Santa Rosa,Vandalismo,-11.8193,-77.0343,29.3,FALSE,FALSE,Madrugada
2026-04-04,17:54,Carabayllo,Extorsion,-11.9285,-76.9569,5.9,TRUE,FALSE,Tarde
2026-02-26,02:55,Santa Rosa,Robo a mano armada,-11.8546,-77.0187,7.4,TRUE,FALSE,Madrugada
2026-02-28,06:09,Puente Piedra,Hurto simple,-11.9164,-77.0125,24.4,TRUE,FALSE,Manana
2026-04-22,07:39,Los Olivos,Robo de vehiculo,-11.9847,-77.0383,21.2,FALSE,FALSE,Manana
2026-03-13,04:39,Comas,Hurto simple,-11.9794,-76.9171,14.7,FALSE,FALSE,Madrugada
2026-04-06,06:06,Puente Piedra,Robo a mano armada,-11.931,-76.9667,18.4,TRUE,FALSE,Manana
2026-01-25,21:13,Comas,Vandalismo,-11.9432,-76.9845,24.4,TRUE,FALSE,Noche
2026-03-21,18:31,Ancon,Robo a mano armada,-11.9602,-77.0319,16.0,TRUE,FALSE,Noche
2026-04-18,23:22,Puente Piedra,Arrebato,-11.8296,-76.9734,18.4,TRUE,FALSE,Noche
2026-02-26,18:52,Los Olivos,Arrebato,-11.9708,-77.0101,28.9,FALSE,TRUE,Noche
2026-04-17,02:37,Los Olivos,Robo a mano armada,-11.945,-76.91,29.5,TRUE,TRUE,Madrugada
2026-03-29,11:14,Carabayllo,Hurto simple,-11.9508,-77.0698,18.7,FALSE,FALSE,Manana
2026-02-07,15:50,Independencia,Robo de vehiculo,-11.847,-76.9026,14.8,TRUE,FALSE,Tarde
2026-04-29,20:21,Santa Rosa,Hurto simple,-11.9996,-77.0367,15.0,FALSE,TRUE,Noche
2026-04-10,12:11,Los Olivos,Robo de vehiculo,-11.838,-76.9487,24.8,TRUE,FALSE,Tarde
2026-04-07,13:58,San Martin de Porres,Hurto simple,-11.9593,-77.0996,27.1,FALSE,FALSE,Tarde
2026-01-09,19:03,Los Olivos,Robo a mano armada,-11.9571,-76.9616,10.3,TRUE,FALSE,Noche
2026-03-24,21:23,Independencia,Arrebato,-11.9983,-76.9978,22.2,TRUE,TRUE,Noche
2026-04-01,19:42,Comas,Robo a mano armada,-11.8636,-76.9225,20.5,TRUE,TRUE,Noche
2026-03-06,00:38,Puente Piedra,Robo de vehiculo,-11.9967,-76.9425,11.1,FALSE,FALSE,Madrugada
2026-04-06,01:53,Los Olivos,Robo a mano armada,-11.8935,-76.9285,24.0,TRUE,FALSE,Madrugada
2026-02-16,16:28,Carabayllo,Robo de vehiculo,-11.8571,-76.9889,11.1,FALSE,TRUE,Tarde
2026-01-11,20:20,Independencia,Robo de vehiculo,-11.8966,-77.063,13.1,FALSE,FALSE,Noche
2026-03-16,03:24,Puente Piedra,Vandalismo,-11.9909,-76.949,29.1,TRUE,FALSE,Madrugada
2026-02-24,00:51,Independencia,Hurto simple,-11.8391,-76.9704,26.7,FALSE,FALSE,Madrugada
2026-01-17,13:02,Ancon,Robo de vehiculo,-11.9572,-77.0118,13.9,FALSE,TRUE,Tarde
2026-02-17,10:33,Santa Rosa,Vandalismo,-11.9503,-76.9958,14.9,TRUE,TRUE,Manana
2026-01-16,22:23,Independencia,Vandalismo,-11.9689,-76.9237,29.4,FALSE,FALSE,Noche
2026-03-18,07:24,San Martin de Porres,Arrebato,-11.8133,-76.9825,20.6,FALSE,FALSE,Manana
2026-04-30,19:08,Los Olivos,Extorsion,-11.8601,-77.0379,13.3,FALSE,TRUE,Noche
2026-02-15,19:08,San Martin de Porres,Hurto simple,-11.9908,-76.9964,16.0,TRUE,FALSE,Noche
2026-03-13,03:22,Carabayllo,Extorsion,-11.8316,-76.9869,6.5,FALSE,FALSE,Madrugada
2026-01-08,06:05,Santa Rosa,Arrebato,-11.8599,-77.0594,24.7,TRUE,TRUE,Manana
2026-04-21,23:48,Puente Piedra,Robo de vehiculo,-11.997,-77.0489,28.6,FALSE,FALSE,Noche
2026-03-17,01:49,Santa Rosa,Extorsion,-11.813,-77.0906,16.1,TRUE,FALSE,Madrugada
2026-03-26,22:01,Independencia,Vandalismo,-11.9152,-77.0771,23.1,FALSE,FALSE,Noche
2026-01-25,12:12,Independencia,Robo a mano armada,-11.8364,-77.0769,10.4,TRUE,FALSE,Tarde
2026-02-11,00:31,Puente Piedra,Arrebato,-11.9946,-76.9088,19.0,TRUE,FALSE,Madrugada
2026-01-07,23:26,San Martin de Porres,Vandalismo,-11.8233,-77.067,12.0,FALSE,FALSE,Noche
2026-03-15,21:27,Comas,Robo de vehiculo,-11.8397,-77.0317,18.1,TRUE,FALSE,Noche
2026-04-11,12:00,Independencia,Vandalismo,-11.94,-76.9803,22.6,TRUE,FALSE,Tarde
2026-04-22,02:06,Santa Rosa,Vandalismo,-11.855,-76.9452,13.9,TRUE,TRUE,Madrugada
2026-03-24,22:38,Carabayllo,Robo de vehiculo,-11.9852,-77.0586,29.2,TRUE,FALSE,Noche
2026-04-08,17:09,Los Olivos,Hurto simple,-11.8405,-77.0243,26.4,TRUE,FALSE,Tarde
2026-01-16,12:44,Puente Piedra,Robo a mano armada,-11.9588,-77.0335,12.5,TRUE,FALSE,Tarde
2026-04-25,11:11,Carabayllo,Robo de vehiculo,-11.9902,-76.9787,5.7,TRUE,FALSE,Manana
2026-04-06,05:26,San Martin de Porres,Vandalismo,-11.9153,-76.9234,26.0,TRUE,TRUE,Madrugada
2026-01-04,13:09,Carabayllo,Arrebato,-11.8474,-77.0978,27.3,TRUE,TRUE,Tarde
2026-02-02,08:03,Los Olivos,Robo de vehiculo,-11.9114,-76.9978,11.2,FALSE,TRUE,Manana
2026-04-11,06:37,Comas,Extorsion,-11.8862,-77.0725,28.2,TRUE,FALSE,Manana
2026-02-01,16:24,Los Olivos,Robo de vehiculo,-11.9874,-77.0122,15.8,TRUE,TRUE,Tarde
2026-04-14,00:15,Comas,Arrebato,-11.8791,-76.9668,27.8,FALSE,TRUE,Madrugada
2026-02-07,21:25,Comas,Extorsion,-11.8021,-77.0842,25.1,FALSE,FALSE,Noche
2026-01-05,09:21,Ancon,Arrebato,-11.8199,-76.9651,10.9,TRUE,FALSE,Manana
2026-03-19,10:26,Santa Rosa,Extorsion,-11.8388,-77.0282,10.3,TRUE,FALSE,Manana
2026-01-25,18:21,Ancon,Vandalismo,-11.9277,-77.0065,13.9,TRUE,FALSE,Noche
2026-02-08,16:05,Puente Piedra,Robo de vehiculo,-11.8624,-77.0737,23.9,TRUE,FALSE,Tarde
2026-04-17,05:16,Carabayllo,Extorsion,-11.9923,-76.9334,22.3,FALSE,FALSE,Madrugada
2026-01-29,11:01,Puente Piedra,Hurto simple,-11.9798,-77.018,23.6,TRUE,FALSE,Manana
2026-01-24,12:25,Puente Piedra,Hurto simple,-11.8238,-76.9349,11.3,TRUE,TRUE,Tarde
2026-01-09,14:15,Comas,Vandalismo,-11.9883,-76.9691,10.4,FALSE,FALSE,Tarde
2026-02-13,13:09,Puente Piedra,Hurto simple,-11.9667,-76.9429,14.3,FALSE,FALSE,Tarde
2026-02-09,10:29,Puente Piedra,Extorsion,-11.9193,-77.0028,23.9,FALSE,TRUE,Manana
2026-04-08,23:26,Puente Piedra,Robo a mano armada,-11.8475,-76.9201,18.8,TRUE,TRUE,Noche
2026-02-02,07:32,Ancon,Extorsion,-11.9957,-76.9332,17.7,TRUE,FALSE,Manana
2026-02-02,14:24,Puente Piedra,Robo de vehiculo,-11.8389,-77.0143,18.9,FALSE,TRUE,Tarde
2026-02-06,00:31,San Martin de Porres,Vandalismo,-11.95,-77.0776,16.9,TRUE,FALSE,Madrugada
2026-02-03,13:28,San Martin de Porres,Vandalismo,-11.9195,-76.9924,19.5,FALSE,FALSE,Tarde
2026-01-04,15:50,San Martin de Porres,Arrebato,-11.8139,-77.0534,16.4,FALSE,FALSE,Tarde
2026-01-26,23:36,Ancon,Hurto simple,-11.8136,-77.0679,5.5,TRUE,FALSE,Noche
2026-02-11,21:38,San Martin de Porres,Arrebato,-11.9269,-76.9496,15.9,TRUE,TRUE,Noche
2026-04-20,09:51,Ancon,Robo de vehiculo,-11.9775,-76.9046,18.2,TRUE,TRUE,Manana
2026-04-07,16:47,Santa Rosa,Extorsion,-11.8938,-77.0131,29.5,TRUE,FALSE,Tarde
2026-01-23,02:19,Ancon,Robo de vehiculo,-11.9215,-76.9313,12.6,FALSE,FALSE,Madrugada
2026-03-20,13:21,Santa Rosa,Hurto simple,-11.8793,-77.0158,26.8,FALSE,TRUE,Tarde
2026-02-28,08:02,Ancon,Arrebato,-11.853,-76.9512,7.1,TRUE,FALSE,Manana
2026-01-03,07:56,Puente Piedra,Hurto simple,-11.9124,-76.9341,11.5,TRUE,FALSE,Manana
2026-04-16,03:23,Ancon,Vandalismo,-11.8058,-77.0549,14.0,TRUE,FALSE,Madrugada
2026-01-28,02:40,Ancon,Extorsion,-11.9642,-76.9169,16.9,FALSE,TRUE,Madrugada
2026-02-16,04:31,Puente Piedra,Hurto simple,-11.9071,-76.9452,15.8,TRUE,TRUE,Madrugada
2026-03-28,17:38,Los Olivos,Extorsion,-11.8861,-77.0387,10.1,TRUE,FALSE,Tarde
2026-04-20,05:06,Puente Piedra,Hurto simple,-11.8566,-77.0611,7.0,TRUE,FALSE,Madrugada
2026-02-21,21:54,Santa Rosa,Robo de vehiculo,-11.8365,-77.0348,14.0,FALSE,FALSE,Noche
2026-02-25,08:00,Ancon,Robo a mano armada,-11.9106,-77.023,16.1,TRUE,FALSE,Manana
2026-02-13,05:02,Independencia,Robo a mano armada,-11.9647,-76.9072,22.0,TRUE,FALSE,Madrugada
2026-02-24,08:38,Santa Rosa,Robo a mano armada,-11.9911,-76.9844,5.0,TRUE,FALSE,Manana
2026-01-03,05:01,Ancon,Hurto simple,-11.8055,-77.0841,29.3,TRUE,FALSE,Madrugada
2026-03-09,20:08,Santa Rosa,Hurto simple,-11.9344,-76.9958,7.4,FALSE,FALSE,Noche
2026-01-24,09:34,Independencia,Arrebato,-11.986,-77.0338,7.1,FALSE,FALSE,Manana
2026-03-18,04:06,Puente Piedra,Extorsion,-11.9366,-76.9084,7.0,FALSE,TRUE,Madrugada
2026-04-01,18:20,Comas,Extorsion,-11.982,-77.0768,29.4,FALSE,TRUE,Noche
2026-03-07,03:56,Carabayllo,Robo a mano armada,-11.8009,-77.0242,19.8,TRUE,FALSE,Madrugada
2026-04-13,16:13,Ancon,Extorsion,-11.9326,-77.0895,9.3,FALSE,FALSE,Tarde
2026-01-18,01:52,Los Olivos,Extorsion,-11.8065,-77.0031,8.8,TRUE,FALSE,Madrugada
2026-04-16,10:14,Puente Piedra,Extorsion,-11.9783,-77.0704,25.0,TRUE,FALSE,Manana
2026-02-16,04:48,San Martin de Porres,Arrebato,-11.9345,-76.9242,18.6,FALSE,FALSE,Madrugada
2026-04-28,02:30,Comas,Vandalismo,-11.8427,-76.9833,23.0,FALSE,TRUE,Madrugada
2026-03-01,01:35,Comas,Extorsion,-11.8193,-77.0447,10.3,FALSE,FALSE,Madrugada
2026-01-30,08:35,Puente Piedra,Arrebato,-11.961,-76.9878,5.3,FALSE,TRUE,Manana
2026-01-10,12:51,Ancon,Arrebato,-11.8204,-76.9776,16.1,FALSE,TRUE,Tarde
2026-02-03,04:45,Ancon,Vandalismo,-11.9068,-77.0536,6.2,FALSE,FALSE,Madrugada
2026-04-21,05:06,Comas,Arrebato,-11.9906,-76.926,27.6,FALSE,TRUE,Madrugada
2026-02-03,09:01,Carabayllo,Arrebato,-11.9022,-76.9809,8.9,TRUE,TRUE,Manana
2026-02-27,09:45,Puente Piedra,Arrebato,-11.822,-77.0625,11.6,TRUE,FALSE,Manana
2026-02-06,21:38,San Martin de Porres,Hurto simple,-11.8345,-77.0765,27.8,FALSE,FALSE,Noche
2026-02-18,18:45,Santa Rosa,Robo a mano armada,-11.9027,-76.9814,22.9,TRUE,FALSE,Noche
2026-01-11,00:54,Independencia,Hurto simple,-11.8123,-76.9443,5.4,FALSE,FALSE,Madrugada
2026-02-16,18:54,Comas,Vandalismo,-11.8673,-77.0487,6.3,TRUE,TRUE,Noche
2026-02-12,15:04,Independencia,Robo de vehiculo,-11.9958,-77.06,22.8,TRUE,FALSE,Tarde
2026-03-29,01:00,Independencia,Robo de vehiculo,-11.8579,-76.963,11.9,FALSE,TRUE,Madrugada
2026-04-22,14:39,Santa Rosa,Arrebato,-11.8847,-76.9307,27.2,FALSE,FALSE,Tarde
2026-04-27,18:41,Santa Rosa,Vandalismo,-11.8671,-76.9754,14.1,FALSE,TRUE,Noche
2026-03-02,14:26,Carabayllo,Robo de vehiculo,-11.9404,-76.9047,25.0,TRUE,FALSE,Tarde
2026-01-07,07:52,Puente Piedra,Vandalismo,-11.9816,-77.0621,27.4,TRUE,FALSE,Manana
2026-03-14,17:37,Puente Piedra,Arrebato,-11.8024,-77.0428,27.9,FALSE,TRUE,Tarde
2026-02-22,15:22,Santa Rosa,Hurto simple,-11.8757,-76.9975,6.4,FALSE,TRUE,Tarde
2026-04-20,01:13,Puente Piedra,Hurto simple,-11.9493,-76.9946,26.5,FALSE,TRUE,Madrugada
2026-02-20,18:14,Independencia,Robo a mano armada,-11.9024,-76.9709,14.1,TRUE,TRUE,Noche
2026-01-28,11:40,Independencia,Vandalismo,-11.8456,-76.9927,15.4,FALSE,FALSE,Manana
2026-04-10,02:45,Puente Piedra,Hurto simple,-11.9057,-77.0493,21.2,FALSE,FALSE,Madrugada
2026-03-12,15:25,Independencia,Extorsion,-11.8098,-76.9604,25.9,TRUE,FALSE,Tarde
2026-01-05,22:21,Los Olivos,Extorsion,-11.9958,-77.0158,10.7,TRUE,FALSE,Noche
2026-04-08,00:59,Comas,Arrebato,-11.8727,-77.0522,25.1,FALSE,FALSE,Madrugada
2026-04-19,11:46,Independencia,Robo a mano armada,-11.9463,-77.0239,28.5,TRUE,FALSE,Manana
2026-03-15,13:55,Los Olivos,Arrebato,-11.9828,-76.9502,9.1,TRUE,TRUE,Tarde
2026-01-15,06:46,Carabayllo,Hurto simple,-11.9322,-76.9907,5.8,FALSE,FALSE,Manana
2026-04-28,16:35,Los Olivos,Robo de vehiculo,-11.8274,-76.9739,19.8,FALSE,TRUE,Tarde
2026-03-20,02:23,Comas,Extorsion,-11.9224,-76.9584,10.8,TRUE,FALSE,Madrugada
2026-04-11,18:03,Independencia,Arrebato,-11.9263,-77.0056,18.2,TRUE,FALSE,Noche
2026-01-19,01:50,Ancon,Extorsion,-11.8078,-77.0739,21.1,TRUE,TRUE,Madrugada
2026-03-10,08:40,Los Olivos,Vandalismo,-11.8573,-76.9962,26.1,FALSE,TRUE,Manana
2026-03-25,18:59,Independencia,Extorsion,-11.8925,-77.03,20.0,TRUE,TRUE,Noche
2026-04-05,07:29,Santa Rosa,Robo de vehiculo,-11.9172,-77.0015,27.7,TRUE,FALSE,Manana
2026-02-03,06:22,San Martin de Porres,Robo de vehiculo,-11.8869,-76.9045,6.9,TRUE,FALSE,Manana
2026-03-10,03:28,Santa Rosa,Robo de vehiculo,-11.9016,-76.9824,25.2,FALSE,TRUE,Madrugada
2026-03-10,04:24,Comas,Hurto simple,-11.9799,-76.9263,18.9,FALSE,FALSE,Madrugada
2026-04-01,04:58,Ancon,Extorsion,-11.9124,-76.9081,19.8,FALSE,FALSE,Madrugada
2026-04-26,05:43,Independencia,Extorsion,-11.8355,-76.9377,8.9,FALSE,FALSE,Madrugada
2026-01-14,11:01,Puente Piedra,Hurto simple,-11.9225,-76.9172,27.8,TRUE,FALSE,Manana
2026-03-25,17:09,Comas,Arrebato,-11.8155,-76.9609,28.4,FALSE,TRUE,Tarde
2026-02-18,16:40,Ancon,Arrebato,-11.878,-77.0239,6.6,FALSE,TRUE,Tarde
2026-03-24,20:32,Independencia,Robo a mano armada,-11.8987,-77.0579,14.7,TRUE,FALSE,Noche
2026-01-06,15:46,Los Olivos,Extorsion,-11.8447,-76.9377,18.3,FALSE,FALSE,Tarde
2026-03-13,16:44,Ancon,Hurto simple,-11.8298,-76.9909,29.9,FALSE,FALSE,Tarde
2026-01-09,23:43,Independencia,Robo a mano armada,-11.8651,-76.9849,24.8,TRUE,FALSE,Noche
2026-02-08,11:49,Comas,Hurto simple,-11.8749,-77.0635,21.1,TRUE,TRUE,Manana
2026-03-02,00:31,Independencia,Hurto simple,-11.8897,-77.0413,23.7,FALSE,FALSE,Madrugada
2026-03-30,16:15,Los Olivos,Arrebato,-11.9885,-77.0846,12.3,FALSE,FALSE,Tarde
2026-02-19,23:05,Carabayllo,Robo de vehiculo,-11.9074,-77.0852,27.3,FALSE,FALSE,Noche
2026-02-05,21:47,Santa Rosa,Robo a mano armada,-11.9149,-77.0563,22.5,TRUE,FALSE,Noche
2026-01-24,18:51,Independencia,Extorsion,-11.813,-77.0059,15.8,FALSE,FALSE,Noche
2026-03-16,17:12,Puente Piedra,Robo a mano armada,-11.9917,-76.9708,8.3,TRUE,FALSE,Tarde
2026-01-19,02:57,Ancon,Robo de vehiculo,-11.8826,-77.0765,8.7,TRUE,TRUE,Madrugada
2026-04-22,02:00,Los Olivos,Arrebato,-11.8113,-76.9186,21.1,FALSE,FALSE,Madrugada
2026-02-02,01:02,Carabayllo,Arrebato,-11.8423,-76.9139,9.6,TRUE,FALSE,Madrugada
2026-03-13,17:16,Puente Piedra,Extorsion,-11.9965,-76.9277,26.1,FALSE,TRUE,Tarde
2026-01-27,19:59,Independencia,Arrebato,-11.8525,-77.0325,12.5,TRUE,FALSE,Noche
2026-03-17,21:45,Ancon,Arrebato,-11.9829,-76.9759,24.4,FALSE,FALSE,Noche
2026-02-08,15:14,Carabayllo,Hurto simple,-11.8988,-76.9939,5.1,FALSE,FALSE,Tarde
2026-04-26,11:50,Carabayllo,Extorsion,-11.9879,-76.9952,10.4,TRUE,TRUE,Manana
2026-02-14,05:54,Santa Rosa,Robo de vehiculo,-11.8869,-77.0062,24.9,TRUE,FALSE,Madrugada
2026-01-16,00:10,Los Olivos,Robo a mano armada,-11.9879,-76.9956,5.3,TRUE,FALSE,Madrugada
2026-04-06,13:02,Santa Rosa,Robo a mano armada,-11.8335,-77.0788,20.8,TRUE,TRUE,Tarde
2026-04-09,12:19,Comas,Arrebato,-11.8596,-77.0576,19.4,TRUE,TRUE,Tarde
2026-02-04,00:57,Comas,Robo de vehiculo,-11.8304,-76.9572,26.9,FALSE,TRUE,Madrugada
2026-01-30,04:17,Comas,Extorsion,-11.8704,-76.92,19.9,FALSE,TRUE,Madrugada
2026-01-21,04:10,Independencia,Arrebato,-11.8171,-77.0782,16.9,TRUE,FALSE,Madrugada
2026-02-25,03:01,San Martin de Porres,Vandalismo,-11.8514,-77.0046,23.4,FALSE,TRUE,Madrugada
2026-05-01,06:58,Puente Piedra,Robo a mano armada,-11.9491,-77.0067,8.8,TRUE,FALSE,Manana
2026-01-28,22:28,Santa Rosa,Arrebato,-11.9762,-77.059,29.2,FALSE,FALSE,Noche
2026-04-13,19:36,San Martin de Porres,Arrebato,-11.8024,-76.9488,28.7,TRUE,FALSE,Noche
2026-01-31,11:02,San Martin de Porres,Arrebato,-11.9797,-77.0011,20.2,TRUE,TRUE,Manana
2026-02-12,13:50,Carabayllo,Robo de vehiculo,-11.9125,-76.977,12.1,TRUE,FALSE,Tarde
2026-03-15,13:37,San Martin de Porres,Arrebato,-11.8139,-76.9882,14.9,FALSE,TRUE,Tarde
2026-01-14,07:42,Puente Piedra,Vandalismo,-11.9118,-77.057,15.8,FALSE,FALSE,Manana
2026-03-17,23:38,Los Olivos,Arrebato,-11.8888,-77.0589,29.7,TRUE,FALSE,Noche
2026-02-12,23:03,Comas,Robo de vehiculo,-11.8153,-77.0083,6.8,TRUE,FALSE,Noche
2026-03-20,01:24,Ancon,Vandalismo,-11.8342,-76.9035,14.9,TRUE,FALSE,Madrugada
2026-03-29,19:52,Santa Rosa,Extorsion,-11.8072,-77.0904,13.5,TRUE,FALSE,Noche
2026-03-11,22:37,Independencia,Vandalismo,-11.9465,-76.9329,29.9,FALSE,TRUE,Noche
2026-02-08,03:16,Independencia,Hurto simple,-11.8613,-77.0988,24.8,FALSE,FALSE,Madrugada
2026-01-27,21:14,Independencia,Vandalismo,-11.8423,-77.0044,13.4,FALSE,TRUE,Noche
2026-02-24,10:55,Carabayllo,Extorsion,-11.9276,-77.061,28.8,FALSE,TRUE,Manana
2026-02-24,18:38,Ancon,Extorsion,-11.9692,-76.9797,28.1,TRUE,FALSE,Noche
2026-03-14,01:05,Independencia,Arrebato,-11.9204,-77.0842,10.5,TRUE,FALSE,Madrugada
2026-03-01,15:37,Independencia,Robo a mano armada,-11.8084,-76.9254,13.6,TRUE,FALSE,Tarde
2026-04-22,11:38,Carabayllo,Extorsion,-11.9767,-77.0807,11.3,TRUE,TRUE,Manana
2026-03-06,22:03,Los Olivos,Extorsion,-11.8806,-77.0645,23.3,TRUE,TRUE,Noche
2026-02-19,02:43,Puente Piedra,Robo a mano armada,-11.8582,-76.9755,17.6,TRUE,TRUE,Madrugada
2026-03-01,21:36,Ancon,Arrebato,-11.8397,-77.0806,5.6,FALSE,TRUE,Noche
2026-03-15,07:08,Los Olivos,Robo de vehiculo,-11.9243,-76.9505,27.3,FALSE,TRUE,Manana
2026-03-19,10:10,Ancon,Arrebato,-11.8478,-76.9564,27.8,FALSE,FALSE,Manana
2026-02-06,10:58,Comas,Robo de vehiculo,-11.9791,-76.9316,23.7,TRUE,TRUE,Manana
2026-04-15,02:24,Puente Piedra,Arrebato,-11.8709,-77.021,20.1,FALSE,FALSE,Madrugada
2026-02-21,02:47,Carabayllo,Robo a mano armada,-11.8778,-76.9738,13.4,TRUE,FALSE,Madrugada
2026-02-27,23:53,Santa Rosa,Robo de vehiculo,-11.9112,-77.0505,21.3,FALSE,FALSE,Noche
2026-03-08,06:27,Los Olivos,Arrebato,-11.9629,-76.9955,26.8,TRUE,FALSE,Manana
2026-01-11,05:23,Ancon,Robo de vehiculo,-11.9352,-77.0776,20.7,FALSE,FALSE,Madrugada
2026-04-27,03:18,Carabayllo,Robo de vehiculo,-11.8127,-76.9997,19.1,TRUE,FALSE,Madrugada
2026-01-03,08:38,San Martin de Porres,Robo de vehiculo,-11.9321,-76.9976,12.2,FALSE,FALSE,Manana
2026-04-04,22:13,Puente Piedra,Vandalismo,-11.8203,-76.9458,14.8,TRUE,TRUE,Noche
2026-03-14,01:51,Independencia,Vandalismo,-11.9463,-77.0918,28.6,FALSE,FALSE,Madrugada
2026-03-22,15:30,Ancon,Robo a mano armada,-11.9119,-76.9849,13.4,TRUE,FALSE,Tarde
2026-02-08,05:12,Los Olivos,Extorsion,-11.8813,-77.0406,28.7,TRUE,TRUE,Madrugada
2026-01-28,04:59,Los Olivos,Extorsion,-11.9621,-77.0716,8.9,FALSE,FALSE,Madrugada
2026-01-11,11:54,Los Olivos,Extorsion,-11.8699,-76.9074,11.7,FALSE,FALSE,Manana
2026-02-05,10:46,Comas,Robo a mano armada,-11.9697,-76.9171,17.5,TRUE,TRUE,Manana
2026-04-19,01:03,Ancon,Arrebato,-11.9269,-76.9764,7.4,FALSE,TRUE,Madrugada
2026-01-14,11:33,San Martin de Porres,Hurto simple,-11.8477,-76.9624,20.7,TRUE,TRUE,Manana
2026-03-29,11:02,Puente Piedra,Hurto simple,-11.9305,-76.9893,21.1,FALSE,FALSE,Manana
2026-01-19,10:32,Puente Piedra,Robo de vehiculo,-11.9209,-76.9193,20.6,TRUE,TRUE,Manana
2026-02-04,23:20,Puente Piedra,Robo a mano armada,-11.9007,-76.9016,28.0,TRUE,FALSE,Noche
2026-02-05,09:06,Ancon,Extorsion,-11.8239,-77.0589,23.9,FALSE,FALSE,Manana
2026-02-03,11:45,Los Olivos,Vandalismo,-11.8947,-77.0258,21.3,FALSE,TRUE,Manana
2026-03-04,02:49,Independencia,Hurto simple,-11.8733,-77.0675,13.8,TRUE,FALSE,Madrugada
2026-03-21,12:51,Ancon,Hurto simple,-11.8025,-77.0913,16.5,FALSE,FALSE,Tarde
2026-02-01,14:10,Comas,Hurto simple,-11.9456,-76.9116,12.7,FALSE,FALSE,Tarde
2026-02-17,23:17,Comas,Vandalismo,-11.9723,-77.0415,19.3,FALSE,FALSE,Noche
2026-04-18,02:53,Puente Piedra,Arrebato,-11.827,-76.9546,21.1,FALSE,TRUE,Madrugada
2026-04-29,10:46,Carabayllo,Vandalismo,-11.9384,-77.0603,21.3,FALSE,FALSE,Manana
2026-02-16,09:24,Ancon,Vandalismo,-11.8015,-76.9148,27.9,TRUE,FALSE,Manana
2026-04-14,04:38,Puente Piedra,Robo de vehiculo,-11.9944,-77.0713,10.3,FALSE,FALSE,Madrugada
2026-02-15,19:58,San Martin de Porres,Robo a mano armada,-11.9642,-76.9332,13.0,TRUE,FALSE,Noche
2026-01-18,22:03,Comas,Robo a mano armada,-11.9949,-76.9769,8.5,TRUE,FALSE,Noche
2026-04-10,01:11,Ancon,Vandalismo,-11.9282,-76.9114,14.3,TRUE,FALSE,Madrugada
2026-04-04,05:59,Comas,Arrebato,-11.8631,-77.0407,20.8,FALSE,FALSE,Madrugada
2026-02-13,06:18,San Martin de Porres,Extorsion,-11.9488,-77.0391,9.0,FALSE,TRUE,Manana
2026-02-18,07:19,San Martin de Porres,Robo de vehiculo,-11.8076,-77.0191,20.1,TRUE,FALSE,Manana
2026-03-22,03:55,Los Olivos,Extorsion,-11.8595,-77.0767,22.1,TRUE,TRUE,Madrugada
2026-03-16,13:42,Santa Rosa,Robo de vehiculo,-11.9658,-76.9661,24.7,FALSE,FALSE,Tarde
2026-04-20,08:49,Carabayllo,Vandalismo,-11.8212,-77.0381,16.9,TRUE,TRUE,Manana
2026-04-23,05:04,San Martin de Porres,Robo de vehiculo,-11.8276,-76.9227,18.9,TRUE,FALSE,Madrugada
2026-04-04,23:55,Carabayllo,Robo de vehiculo,-11.8714,-76.9075,23.7,FALSE,TRUE,Noche
2026-01-10,22:08,Santa Rosa,Hurto simple,-11.8895,-76.9876,25.2,FALSE,FALSE,Noche
2026-01-17,06:46,Independencia,Robo a mano armada,-11.8006,-76.9027,20.1,TRUE,FALSE,Manana
2026-01-23,10:17,Ancon,Robo a mano armada,-11.9136,-77.0838,9.4,TRUE,FALSE,Manana
2026-02-27,06:17,Independencia,Vandalismo,-11.8798,-76.9002,23.6,FALSE,FALSE,Manana
2026-01-26,15:08,Ancon,Arrebato,-11.9772,-76.9505,14.9,FALSE,FALSE,Tarde
2026-01-06,23:22,Carabayllo,Hurto simple,-11.8303,-77.0856,13.9,FALSE,FALSE,Noche
2026-04-09,21:57,Independencia,Robo de vehiculo,-11.9136,-76.9579,12.4,FALSE,FALSE,Noche
2026-01-29,00:29,Santa Rosa,Robo de vehiculo,-11.9888,-76.9926,25.1,TRUE,TRUE,Madrugada
2026-04-02,15:40,Puente Piedra,Robo de vehiculo,-11.8095,-77.0784,9.3,TRUE,FALSE,Tarde
2026-02-03,15:32,Santa Rosa,Robo a mano armada,-11.8334,-76.9673,12.6,TRUE,TRUE,Tarde
2026-01-10,23:10,Ancon,Extorsion,-11.9698,-76.9564,25.9,FALSE,TRUE,Noche
2026-03-16,08:58,San Martin de Porres,Robo de vehiculo,-11.8132,-76.9561,16.6,TRUE,FALSE,Manana
2026-04-19,00:34,Los Olivos,Vandalismo,-11.9957,-76.9422,18.7,FALSE,TRUE,Madrugada
2026-02-04,15:11,Independencia,Hurto simple,-11.8961,-77.0246,11.8,TRUE,TRUE,Tarde
2026-02-12,22:11,Puente Piedra,Arrebato,-11.9972,-77.0329,29.3,TRUE,FALSE,Noche
2026-04-21,18:14,Los Olivos,Robo a mano armada,-11.8337,-77.0857,16.6,TRUE,FALSE,Noche
2026-01-21,06:53,Comas,Extorsion,-11.861,-77.0787,10.8,FALSE,FALSE,Manana
2026-03-17,00:06,San Martin de Porres,Robo de vehiculo,-11.9282,-77.019,9.3,FALSE,TRUE,Madrugada
2026-02-15,04:13,San Martin de Porres,Arrebato,-11.8096,-77.0178,17.3,TRUE,FALSE,Madrugada
2026-04-01,20:54,Comas,Robo de vehiculo,-11.898,-77.0595,9.2,FALSE,FALSE,Noche
2026-04-14,19:40,Santa Rosa,Hurto simple,-11.8911,-76.9566,26.7,TRUE,FALSE,Noche
2026-05-01,22:39,Ancon,Arrebato,-11.932,-77.0046,10.5,FALSE,TRUE,Noche
2026-04-12,08:39,San Martin de Porres,Vandalismo,-11.9616,-77.0245,13.6,TRUE,FALSE,Manana
2026-02-10,20:41,San Martin de Porres,Robo de vehiculo,-11.8439,-77.0555,9.9,TRUE,TRUE,Noche
2026-02-11,23:51,Independencia,Vandalismo,-11.852,-77.09,17.9,TRUE,FALSE,Noche
2026-03-09,13:05,Comas,Hurto simple,-11.9876,-76.9295,8.9,TRUE,TRUE,Tarde
2026-01-28,03:43,Santa Rosa,Arrebato,-11.976,-76.9192,12.9,FALSE,FALSE,Madrugada
2026-01-02,21:11,Puente Piedra,Extorsion,-11.9272,-77.0089,23.5,FALSE,FALSE,Noche
2026-02-05,01:47,Comas,Robo a mano armada,-11.9552,-76.9541,16.5,TRUE,TRUE,Madrugada
2026-03-31,06:45,San Martin de Porres,Arrebato,-11.9994,-76.9714,17.9,FALSE,FALSE,Manana
2026-01-26,04:43,Carabayllo,Vandalismo,-11.9994,-76.9265,25.7,TRUE,FALSE,Madrugada
2026-02-07,11:11,Carabayllo,Robo a mano armada,-11.8195,-76.9167,18.8,TRUE,FALSE,Manana
2026-01-03,08:45,Independencia,Robo a mano armada,-11.8974,-77.0141,6.5,TRUE,FALSE,Manana
2026-01-05,21:52,Puente Piedra,Vandalismo,-11.9895,-76.9382,16.6,FALSE,TRUE,Noche
2026-01-12,17:47,Puente Piedra,Robo a mano armada,-11.828,-76.9091,26.6,TRUE,FALSE,Tarde
2026-02-13,18:38,Independencia,Vandalismo,-11.8916,-77.0174,12.5,FALSE,FALSE,Noche
2026-03-04,19:40,Santa Rosa,Robo a mano armada,-11.9293,-77.0139,26.7,TRUE,FALSE,Noche
2026-04-13,17:54,Santa Rosa,Arrebato,-11.8091,-76.9344,15.6,FALSE,FALSE,Tarde
2026-03-23,14:42,Carabayllo,Robo de vehiculo,-11.8824,-77.0238,18.0,TRUE,FALSE,Tarde
2026-03-14,06:16,Independencia,Arrebato,-11.8481,-77.0177,29.4,TRUE,TRUE,Manana
2026-03-22,10:16,Comas,Extorsion,-11.8414,-76.9877,20.0,FALSE,FALSE,Manana
2026-01-25,03:19,Carabayllo,Vandalismo,-11.942,-76.9428,28.6,TRUE,TRUE,Madrugada
2026-02-10,10:18,Puente Piedra,Robo de vehiculo,-11.8538,-76.9362,12.1,FALSE,FALSE,Manana
2026-04-17,07:52,Puente Piedra,Vandalismo,-11.8624,-76.9654,10.2,FALSE,TRUE,Manana
2026-01-08,14:36,Puente Piedra,Robo a mano armada,-11.9801,-77.0367,10.6,TRUE,FALSE,Tarde
2026-03-03,17:32,Santa Rosa,Robo de vehiculo,-11.9504,-76.9651,15.4,FALSE,FALSE,Tarde
2026-04-18,05:17,Los Olivos,Extorsion,-11.9543,-76.9205,10.1,FALSE,FALSE,Madrugada
2026-03-07,10:17,Ancon,Arrebato,-11.9507,-77.0454,10.9,FALSE,TRUE,Manana
2026-03-19,03:27,Puente Piedra,Vandalismo,-11.833,-77.0348,14.7,TRUE,FALSE,Madrugada
2026-04-14,00:45,Comas,Extorsion,-11.8186,-77.0588,26.9,TRUE,FALSE,Madrugada
2026-01-05,10:44,Comas,Arrebato,-11.9591,-76.9701,18.8,TRUE,FALSE,Manana
2026-01-03,20:59,San Martin de Porres,Robo a mano armada,-11.8224,-77.0659,16.8,TRUE,TRUE,Noche
2026-01-19,10:38,Carabayllo,Hurto simple,-11.8638,-76.9171,5.6,TRUE,FALSE,Manana
2026-03-08,17:25,Comas,Robo a mano armada,-11.8821,-77.0665,12.9,TRUE,TRUE,Tarde
2026-01-23,10:18,Santa Rosa,Extorsion,-11.9208,-76.9936,24.7,FALSE,FALSE,Manana
2026-03-03,03:34,Independencia,Robo de vehiculo,-11.9545,-77.099,29.0,FALSE,FALSE,Madrugada
2026-03-25,22:44,Carabayllo,Vandalismo,-11.876,-77.0299,16.3,TRUE,FALSE,Noche
2026-04-16,12:37,Carabayllo,Hurto simple,-11.9729,-76.9232,16.0,FALSE,TRUE,Tarde
2026-02-10,10:25,Santa Rosa,Vandalismo,-11.8696,-76.9168,15.8,TRUE,TRUE,Manana
2026-04-19,20:20,Puente Piedra,Robo de vehiculo,-11.8063,-76.9091,29.4,TRUE,TRUE,Noche
2026-01-24,16:03,Puente Piedra,Extorsion,-11.9198,-76.9946,5.9,TRUE,FALSE,Tarde
2026-03-08,20:49,Carabayllo,Robo a mano armada,-11.828,-76.9373,27.1,TRUE,FALSE,Noche
2026-02-15,22:29,Santa Rosa,Vandalismo,-11.9644,-77.0945,7.2,TRUE,FALSE,Noche
2026-02-17,11:25,Puente Piedra,Robo a mano armada,-11.8042,-76.942,20.1,TRUE,FALSE,Manana
2026-01-27,03:13,Puente Piedra,Arrebato,-11.8135,-77.0055,11.7,FALSE,FALSE,Madrugada
2026-04-11,02:13,Ancon,Robo de vehiculo,-11.8336,-77.0265,20.2,TRUE,FALSE,Madrugada
2026-02-23,10:31,Comas,Arrebato,-11.9959,-77.0992,10.1,FALSE,TRUE,Manana
2026-03-14,06:46,San Martin de Porres,Robo a mano armada,-11.8286,-77.0262,28.0,TRUE,FALSE,Manana
2026-01-12,08:07,Puente Piedra,Robo a mano armada,-11.8836,-77.0595,7.7,TRUE,TRUE,Manana
2026-02-02,05:05,Los Olivos,Extorsion,-11.8862,-77.0935,12.0,FALSE,TRUE,Madrugada
2026-04-18,12:31,San Martin de Porres,Robo de vehiculo,-11.8687,-77.0839,7.4,TRUE,FALSE,Tarde
2026-01-21,08:02,San Martin de Porres,Arrebato,-11.8905,-76.937,14.9,FALSE,FALSE,Manana
2026-01-19,14:05,Independencia,Robo a mano armada,-11.8614,-77.0331,20.5,TRUE,FALSE,Tarde
2026-01-11,21:30,Carabayllo,Vandalismo,-11.8985,-77.0752,14.7,FALSE,FALSE,Noche
2026-02-18,15:50,Ancon,Vandalismo,-11.8403,-77.0429,14.3,FALSE,FALSE,Tarde
2026-01-25,23:33,Carabayllo,Extorsion,-11.8783,-77.0531,10.1,FALSE,TRUE,Noche
2026-03-13,04:33,Puente Piedra,Robo a mano armada,-11.8725,-76.9531,13.4,TRUE,TRUE,Madrugada
2026-04-22,19:45,Puente Piedra,Extorsion,-11.8517,-77.0608,12.7,FALSE,TRUE,Noche
2026-03-12,09:22,Los Olivos,Robo de vehiculo,-11.9746,-77.051,17.8,FALSE,FALSE,Manana
2026-01-18,12:48,Santa Rosa,Vandalismo,-11.9826,-77.0312,25.2,TRUE,FALSE,Tarde
2026-01-17,07:03,Los Olivos,Robo de vehiculo,-11.873,-76.9746,24.3,FALSE,TRUE,Manana
2026-03-17,04:47,Carabayllo,Robo a mano armada,-11.9012,-76.9746,15.6,TRUE,FALSE,Madrugada
2026-04-07,20:40,Independencia,Vandalismo,-11.8156,-77.0057,24.6,TRUE,FALSE,Noche
2026-04-20,17:05,Los Olivos,Hurto simple,-11.9709,-77.0654,17.3,TRUE,FALSE,Tarde
2026-02-03,17:44,Puente Piedra,Robo de vehiculo,-11.8407,-77.0017,9.1,TRUE,FALSE,Tarde
2026-01-26,02:28,San Martin de Porres,Extorsion,-11.982,-77.0801,20.7,FALSE,TRUE,Madrugada
2026-02-04,10:34,Ancon,Extorsion,-11.9193,-77.0011,19.3,FALSE,FALSE,Manana
2026-03-31,05:18,Ancon,Robo a mano armada,-11.8125,-76.9977,15.2,TRUE,TRUE,Madrugada
2026-03-13,06:09,Independencia,Robo a mano armada,-11.9203,-76.9748,6.6,TRUE,FALSE,Manana
2026-04-22,05:10,Carabayllo,Arrebato,-11.9612,-76.9353,21.5,TRUE,FALSE,Madrugada
2026-02-27,21:35,Santa Rosa,Robo de vehiculo,-11.879,-76.9689,10.4,FALSE,TRUE,Noche
2026-04-17,00:24,Carabayllo,Robo de vehiculo,-11.8521,-77.0665,23.3,FALSE,FALSE,Madrugada
2026-02-05,02:03,Independencia,Robo a mano armada,-11.9041,-77.0488,20.1,TRUE,FALSE,Madrugada
2026-03-10,01:08,Los Olivos,Arrebato,-11.8533,-77.0514,8.5,TRUE,FALSE,Madrugada
2026-04-20,10:57,San Martin de Porres,Arrebato,-11.9855,-76.944,7.4,TRUE,FALSE,Manana
2026-04-11,23:30,Ancon,Robo de vehiculo,-11.8214,-76.9176,13.3,FALSE,FALSE,Noche
2026-01-13,04:55,Independencia,Vandalismo,-11.8873,-77.0135,27.8,FALSE,FALSE,Madrugada
2026-01-17,01:33,Independencia,Arrebato,-11.8154,-77.0733,16.3,TRUE,FALSE,Madrugada
2026-04-08,21:10,Los Olivos,Robo a mano armada,-11.9538,-76.9701,24.1,TRUE,FALSE,Noche
2026-02-05,18:00,Carabayllo,Vandalismo,-11.9863,-76.9805,9.3,FALSE,TRUE,Noche
2026-02-04,06:12,Independencia,Extorsion,-11.8185,-77.0704,22.0,FALSE,FALSE,Manana
2026-02-02,01:07,Puente Piedra,Vandalismo,-11.9415,-77.0592,17.4,TRUE,TRUE,Madrugada
2026-02-14,18:48,San Martin de Porres,Hurto simple,-11.9742,-76.9165,24.3,FALSE,TRUE,Noche
2026-02-23,21:07,San Martin de Porres,Hurto simple,-11.972,-76.9082,27.2,TRUE,TRUE,Noche
2026-03-23,19:59,Los Olivos,Hurto simple,-11.8825,-76.9606,19.6,FALSE,TRUE,Noche
2026-03-12,17:29,Independencia,Extorsion,-11.9556,-76.914,14.8,FALSE,TRUE,Tarde
2026-01-14,00:32,Independencia,Robo de vehiculo,-11.8193,-77.0358,22.4,TRUE,FALSE,Madrugada
2026-04-28,13:32,Los Olivos,Extorsion,-11.8613,-76.9457,5.6,FALSE,FALSE,Tarde
2026-03-29,11:00,Los Olivos,Arrebato,-11.9761,-76.993,7.1,FALSE,FALSE,Manana
2026-04-02,00:02,Comas,Robo de vehiculo,-11.9438,-76.9658,8.8,FALSE,FALSE,Madrugada
2026-01-30,11:49,Los Olivos,Arrebato,-11.8538,-77.0981,17.3,TRUE,TRUE,Manana
2026-01-23,22:34,Carabayllo,Hurto simple,-11.8934,-77.0492,11.1,FALSE,TRUE,Noche
2026-03-13,00:27,Puente Piedra,Extorsion,-11.8241,-76.9925,7.1,FALSE,FALSE,Madrugada
2026-03-05,07:34,Puente Piedra,Extorsion,-11.9624,-76.9813,17.1,FALSE,FALSE,Manana
2026-04-13,12:35,San Martin de Porres,Hurto simple,-11.9455,-77.0314,14.1,TRUE,FALSE,Tarde
2026-02-09,16:04,Puente Piedra,Vandalismo,-11.8568,-76.9293,11.3,TRUE,TRUE,Tarde
2026-04-26,01:59,Santa Rosa,Hurto simple,-11.9058,-77.0405,20.5,TRUE,TRUE,Madrugada
2026-04-30,02:56,Ancon,Vandalismo,-11.8929,-76.9524,20.7,TRUE,FALSE,Madrugada
2026-03-12,12:17,Ancon,Robo de vehiculo,-11.8185,-76.9953,15.7,FALSE,FALSE,Tarde
2026-02-20,08:16,Puente Piedra,Robo de vehiculo,-11.8435,-77.0203,18.3,TRUE,FALSE,Manana
2026-03-23,13:35,Comas,Vandalismo,-11.9652,-77.0186,5.7,TRUE,FALSE,Tarde
2026-03-24,00:40,Independencia,Extorsion,-11.8491,-76.9251,21.3,TRUE,FALSE,Madrugada
2026-01-01,09:02,Carabayllo,Arrebato,-11.8605,-77.0453,22.8,FALSE,TRUE,Manana
2026-04-20,05:31,Ancon,Hurto simple,-11.9635,-77.0447,26.3,FALSE,FALSE,Madrugada
2026-04-16,00:41,Ancon,Robo a mano armada,-11.998,-77.0135,11.1,TRUE,FALSE,Madrugada
2026-03-28,13:25,Carabayllo,Arrebato,-11.9347,-76.9285,6.5,TRUE,TRUE,Tarde
2026-03-28,22:40,Los Olivos,Robo de vehiculo,-11.8127,-76.9381,24.8,TRUE,TRUE,Noche
2026-01-06,19:42,Santa Rosa,Arrebato,-11.9287,-76.9449,21.6,FALSE,FALSE,Noche
2026-02-21,13:58,San Martin de Porres,Robo a mano armada,-11.8793,-76.9487,29.1,TRUE,FALSE,Tarde
2026-03-25,13:55,Santa Rosa,Robo a mano armada,-11.8064,-76.9502,27.6,TRUE,FALSE,Tarde
2026-02-25,07:49,Ancon,Hurto simple,-11.8001,-76.9358,20.6,TRUE,TRUE,Manana
2026-01-21,23:43,San Martin de Porres,Hurto simple,-11.8629,-76.9525,28.1,FALSE,TRUE,Noche
2026-04-27,17:09,Ancon,Extorsion,-11.8315,-76.9367,21.8,TRUE,FALSE,Tarde
2026-02-23,20:52,Independencia,Extorsion,-11.9778,-77.0538,8.0,FALSE,FALSE,Noche
2026-01-21,08:02,Comas,Vandalismo,-11.9608,-76.9816,15.3,FALSE,TRUE,Manana
2026-04-11,21:43,San Martin de Porres,Robo a mano armada,-11.9066,-76.9132,16.0,TRUE,FALSE,Noche
2026-03-09,11:24,Independencia,Robo de vehiculo,-11.8669,-77.0399,12.6,FALSE,FALSE,Manana
2026-01-28,14:22,Puente Piedra,Arrebato,-11.8356,-77.0442,16.5,FALSE,FALSE,Tarde
2026-02-20,04:42,Ancon,Arrebato,-11.8955,-77.0999,19.4,FALSE,TRUE,Madrugada
2026-04-18,22:56,Los Olivos,Arrebato,-11.9448,-76.9703,24.7,FALSE,FALSE,Noche
2026-02-28,20:54,Santa Rosa,Robo a mano armada,-11.9808,-76.9154,21.1,TRUE,TRUE,Noche
2026-03-11,05:45,Carabayllo,Extorsion,-11.9024,-76.971,5.3,TRUE,FALSE,Madrugada
2026-03-13,12:11,Santa Rosa,Hurto simple,-11.9405,-76.9655,15.3,FALSE,TRUE,Tarde
2026-02-08,13:20,Santa Rosa,Robo de vehiculo,-11.8539,-76.9925,19.8,FALSE,FALSE,Tarde
2026-04-29,12:58,San Martin de Porres,Extorsion,-11.8543,-77.017,22.4,FALSE,FALSE,Tarde
2026-04-27,08:49,Carabayllo,Vandalismo,-11.976,-76.9386,15.0,FALSE,TRUE,Manana
2026-02-05,13:29,Puente Piedra,Robo de vehiculo,-11.9049,-76.992,12.1,TRUE,TRUE,Tarde
2026-01-19,14:30,Ancon,Hurto simple,-11.9227,-76.9494,10.4,FALSE,TRUE,Tarde
2026-04-23,01:16,Carabayllo,Extorsion,-11.9884,-76.9201,5.1,TRUE,FALSE,Madrugada
2026-04-10,20:52,Comas,Robo de vehiculo,-11.8576,-77.0575,7.5,FALSE,FALSE,Noche
2026-03-31,15:29,Santa Rosa,Hurto simple,-11.9696,-77.0165,29.1,TRUE,TRUE,Tarde
2026-04-12,20:01,Carabayllo,Robo de vehiculo,-11.9531,-77.0609,8.1,FALSE,TRUE,Noche
2026-01-22,09:48,Carabayllo,Vandalismo,-11.8612,-76.9423,14.8,FALSE,TRUE,Manana
2026-04-22,05:16,Puente Piedra,Hurto simple,-11.8887,-77.0402,13.6,FALSE,TRUE,Madrugada
2026-01-11,03:21,Comas,Arrebato,-11.9952,-77.0664,19.5,TRUE,FALSE,Madrugada
2026-02-23,22:06,Santa Rosa,Robo a mano armada,-11.895,-76.9018,17.1,TRUE,FALSE,Noche
2026-03-10,21:49,Carabayllo,Robo de vehiculo,-11.9529,-76.9509,23.4,FALSE,FALSE,Noche
2026-02-22,05:30,San Martin de Porres,Extorsion,-11.8395,-76.9905,26.3,FALSE,TRUE,Madrugada
2026-03-23,08:09,Los Olivos,Vandalismo,-11.8571,-77.0483,28.6,FALSE,TRUE,Manana
2026-03-13,17:46,Santa Rosa,Robo a mano armada,-11.8196,-77.0005,26.0,TRUE,FALSE,Tarde
2026-02-27,06:32,San Martin de Porres,Robo a mano armada,-11.9484,-77.0453,10.4,TRUE,FALSE,Manana
2026-04-04,07:44,Ancon,Vandalismo,-11.8765,-76.968,15.3,TRUE,FALSE,Manana
2026-04-29,04:56,Los Olivos,Robo a mano armada,-11.9773,-76.9411,10.1,TRUE,FALSE,Madrugada
2026-04-08,01:22,Santa Rosa,Hurto simple,-11.8884,-76.9766,28.4,FALSE,FALSE,Madrugada
2026-04-01,12:46,San Martin de Porres,Extorsion,-11.8684,-77.0969,8.8,FALSE,TRUE,Tarde
2026-02-18,10:53,Carabayllo,Robo a mano armada,-11.9907,-76.912,19.5,TRUE,FALSE,Manana
2026-03-03,17:15,San Martin de Porres,Robo de vehiculo,-11.9498,-76.9604,29.0,TRUE,FALSE,Tarde
2026-03-17,05:03,Santa Rosa,Hurto simple,-11.8808,-76.9605,27.8,TRUE,TRUE,Madrugada
2026-03-17,09:32,San Martin de Porres,Robo a mano armada,-11.8335,-77.0589,28.9,TRUE,FALSE,Manana
2026-02-19,18:53,Santa Rosa,Vandalismo,-11.8859,-77.0888,10.5,FALSE,FALSE,Noche
2026-01-19,15:25,Independencia,Hurto simple,-11.948,-77.0415,25.5,FALSE,FALSE,Tarde
2026-03-15,04:52,Independencia,Robo de vehiculo,-11.8068,-76.9145,16.8,FALSE,FALSE,Madrugada
2026-03-18,15:53,Independencia,Vandalismo,-11.8083,-77.0374,24.7,FALSE,FALSE,Tarde
2026-03-01,14:17,Carabayllo,Robo a mano armada,-11.8363,-77.0435,12.2,TRUE,TRUE,Tarde
2026-03-23,17:51,Santa Rosa,Robo de vehiculo,-11.9734,-76.9932,6.4,FALSE,FALSE,Tarde
2026-02-07,15:55,Puente Piedra,Extorsion,-11.9766,-77.0939,28.5,FALSE,TRUE,Tarde
2026-04-30,14:46,Puente Piedra,Hurto simple,-11.8512,-76.9758,28.7,TRUE,FALSE,Tarde
2026-04-18,02:42,Santa Rosa,Arrebato,-11.8416,-77.0863,24.8,FALSE,TRUE,Madrugada
2026-03-09,11:41,Carabayllo,Robo de vehiculo,-11.952,-77.0229,27.1,TRUE,FALSE,Manana
2026-01-22,22:44,Ancon,Robo de vehiculo,-11.8166,-76.9506,8.8,TRUE,FALSE,Noche
2026-02-19,10:31,Independencia,Robo de vehiculo,-11.9578,-76.9421,29.2,FALSE,TRUE,Manana
2026-04-24,09:08,Los Olivos,Robo a mano armada,-11.8569,-77.0319,16.1,TRUE,TRUE,Manana
2026-01-14,22:04,Los Olivos,Vandalismo,-11.8088,-76.9943,9.4,TRUE,TRUE,Noche
2026-04-10,11:24,Independencia,Robo de vehiculo,-11.8512,-76.9972,9.2,FALSE,TRUE,Manana
2026-02-15,00:01,Ancon,Vandalismo,-11.8343,-76.9217,29.8,TRUE,FALSE,Madrugada
2026-02-09,10:50,Puente Piedra,Robo a mano armada,-11.9209,-77.054,17.0,TRUE,TRUE,Manana
2026-02-27,15:11,Carabayllo,Arrebato,-11.9796,-77.0676,6.6,FALSE,FALSE,Tarde
2026-02-21,05:03,Carabayllo,Hurto simple,-11.9385,-77.0701,18.6,FALSE,TRUE,Madrugada
2026-04-22,07:31,Comas,Robo de vehiculo,-11.9615,-76.9901,28.3,FALSE,FALSE,Manana
2026-01-15,13:29,Independencia,Hurto simple,-11.832,-76.9752,13.0,FALSE,TRUE,Tarde
2026-01-23,04:38,Independencia,Robo a mano armada,-11.9163,-77.0609,28.5,TRUE,FALSE,Madrugada
2026-03-24,04:28,Carabayllo,Robo de vehiculo,-11.9109,-77.0933,15.3,FALSE,FALSE,Madrugada
2026-04-20,02:04,Ancon,Hurto simple,-11.8133,-77.0954,9.5,FALSE,FALSE,Madrugada
2026-02-28,01:36,Carabayllo,Robo a mano armada,-11.9021,-77.0615,8.9,TRUE,FALSE,Madrugada
2026-02-06,10:15,Puente Piedra,Extorsion,-11.8238,-77.0323,23.6,FALSE,FALSE,Manana
2026-04-28,15:55,San Martin de Porres,Robo a mano armada,-11.9664,-76.9908,29.6,TRUE,TRUE,Tarde
2026-01-09,13:05,San Martin de Porres,Arrebato,-11.9304,-76.9733,27.5,FALSE,FALSE,Tarde
2026-01-30,18:51,Puente Piedra,Robo a mano armada,-11.9512,-76.9228,21.8,TRUE,FALSE,Noche
2026-02-07,05:50,Puente Piedra,Robo de vehiculo,-11.8255,-76.9474,27.1,FALSE,TRUE,Madrugada
2026-03-04,15:29,Puente Piedra,Robo a mano armada,-11.9593,-76.9824,14.5,TRUE,TRUE,Tarde
2026-04-06,10:23,Santa Rosa,Hurto simple,-11.9788,-77.0026,13.0,FALSE,FALSE,Manana
2026-04-11,14:49,Santa Rosa,Arrebato,-11.9503,-76.981,8.1,FALSE,TRUE,Tarde
2026-01-18,00:20,Independencia,Extorsion,-11.8799,-76.9071,17.9,FALSE,TRUE,Madrugada
2026-01-17,02:06,Carabayllo,Hurto simple,-11.8795,-76.9615,12.9,TRUE,FALSE,Madrugada
2026-02-03,07:13,Carabayllo,Robo a mano armada,-11.9593,-77.0187,20.6,TRUE,FALSE,Manana
2026-03-21,03:42,Puente Piedra,Vandalismo,-11.817,-77.0363,5.4,TRUE,FALSE,Madrugada
2026-01-19,02:14,Santa Rosa,Extorsion,-11.9452,-77.0972,27.0,FALSE,TRUE,Madrugada
2026-03-17,10:35,Santa Rosa,Arrebato,-11.8564,-77.0586,24.0,FALSE,TRUE,Manana
2026-03-10,15:51,Carabayllo,Robo de vehiculo,-11.9135,-76.9544,23.9,TRUE,TRUE,Tarde
2026-04-08,22:53,Carabayllo,Robo a mano armada,-11.9564,-76.9693,18.5,TRUE,FALSE,Noche
2026-01-31,22:26,Los Olivos,Hurto simple,-11.8312,-76.9006,25.6,TRUE,TRUE,Noche
2026-01-10,11:42,Santa Rosa,Extorsion,-11.8982,-76.9703,14.4,TRUE,TRUE,Manana
2026-02-03,11:17,San Martin de Porres,Extorsion,-11.8319,-77.0849,20.2,FALSE,FALSE,Manana
2026-03-16,19:17,Santa Rosa,Extorsion,-11.9952,-76.994,18.9,FALSE,FALSE,Noche
2026-04-17,19:09,Comas,Robo a mano armada,-11.9459,-76.9466,27.1,TRUE,FALSE,Noche
2026-03-04,05:18,Comas,Robo de vehiculo,-11.9995,-76.93,12.5,FALSE,TRUE,Madrugada
2026-04-06,00:49,Puente Piedra,Arrebato,-11.9743,-77.0835,12.1,FALSE,TRUE,Madrugada
2026-04-14,16:09,San Martin de Porres,Hurto simple,-11.9875,-77.025,12.7,FALSE,FALSE,Tarde
2026-03-11,04:44,Ancon,Vandalismo,-11.9194,-77.0085,18.2,TRUE,FALSE,Madrugada
2026-03-08,12:29,Puente Piedra,Robo a mano armada,-11.9403,-77.0962,6.0,TRUE,TRUE,Tarde
2026-01-08,00:35,Ancon,Hurto simple,-11.819,-77.0526,28.4,TRUE,FALSE,Madrugada
2026-01-03,14:02,San Martin de Porres,Vandalismo,-11.9041,-77.07,22.7,TRUE,FALSE,Tarde
2026-04-08,00:01,Ancon,Arrebato,-11.9742,-77.015,8.2,FALSE,TRUE,Madrugada
2026-03-26,07:15,Independencia,Vandalismo,-11.9326,-77.0202,23.8,FALSE,FALSE,Manana
2026-01-03,20:15,Comas,Arrebato,-11.8299,-76.9511,14.0,TRUE,FALSE,Noche
2026-02-23,22:28,Puente Piedra,Arrebato,-11.8084,-76.9014,7.9,TRUE,FALSE,Noche
2026-04-21,10:32,Los Olivos,Arrebato,-11.8206,-77.0698,8.7,FALSE,TRUE,Manana
2026-04-22,15:33,Independencia,Hurto simple,-11.925,-76.9147,26.2,FALSE,FALSE,Tarde
2026-03-01,22:56,Santa Rosa,Extorsion,-11.9699,-77.0868,22.5,TRUE,FALSE,Noche
2026-03-06,14:17,Independencia,Arrebato,-11.8833,-77.02,25.9,FALSE,FALSE,Tarde
2026-03-12,08:49,Santa Rosa,Extorsion,-11.8061,-76.9059,28.1,TRUE,FALSE,Manana
2026-04-17,21:05,Independencia,Robo a mano armada,-11.8841,-77.0824,11.6,TRUE,FALSE,Noche
2026-03-07,06:11,Carabayllo,Arrebato,-11.9096,-77.0752,11.3,FALSE,FALSE,Manana
2026-04-18,02:14,Ancon,Arrebato,-11.9351,-77.0061,15.9,TRUE,FALSE,Madrugada
2026-03-24,10:03,Los Olivos,Vandalismo,-11.8636,-76.9424,22.2,FALSE,FALSE,Manana
2026-01-18,08:11,Ancon,Robo a mano armada,-11.8204,-76.932,15.1,TRUE,TRUE,Manana
2026-01-24,12:59,Ancon,Extorsion,-11.8659,-76.9098,25.1,TRUE,FALSE,Tarde
2026-04-13,09:29,Independencia,Robo a mano armada,-11.9365,-76.9932,22.9,TRUE,FALSE,Manana
2026-03-13,16:11,Santa Rosa,Arrebato,-11.8747,-76.91,13.8,TRUE,FALSE,Tarde
2026-01-13,12:00,Independencia,Robo de vehiculo,-11.9297,-76.9505,18.0,TRUE,TRUE,Tarde
2026-01-30,15:22,Santa Rosa,Vandalismo,-11.8538,-76.9703,8.5,FALSE,FALSE,Tarde
2026-03-31,01:20,Santa Rosa,Robo de vehiculo,-11.9224,-77.0729,28.1,TRUE,FALSE,Madrugada
2026-01-17,18:02,Independencia,Robo a mano armada,-11.8126,-77.0293,20.2,TRUE,FALSE,Noche
2026-03-28,04:54,Los Olivos,Vandalismo,-11.8379,-76.9614,10.5,FALSE,TRUE,Madrugada
2026-02-28,20:33,Los Olivos,Arrebato,-11.8239,-77.0811,7.9,FALSE,FALSE,Noche
2026-04-02,16:57,Santa Rosa,Vandalismo,-11.9054,-76.9628,24.7,FALSE,FALSE,Tarde
2026-04-22,08:28,San Martin de Porres,Robo de vehiculo,-11.9671,-76.9802,22.0,TRUE,FALSE,Manana
2026-03-15,00:23,Los Olivos,Arrebato,-11.9428,-77.0737,28.6,FALSE,FALSE,Madrugada
2026-04-15,22:55,Carabayllo,Vandalismo,-11.9213,-77.0259,21.5,FALSE,FALSE,Noche
2026-01-02,00:18,Independencia,Extorsion,-11.9397,-76.9494,10.1,TRUE,FALSE,Madrugada
2026-03-07,16:42,Ancon,Extorsion,-11.9012,-76.9042,15.6,TRUE,TRUE,Tarde
2026-04-27,14:38,Puente Piedra,Robo a mano armada,-11.9113,-76.9074,13.1,TRUE,TRUE,Tarde
2026-03-31,06:01,Santa Rosa,Robo a mano armada,-11.941,-76.9925,24.1,TRUE,FALSE,Manana
2026-04-21,13:11,San Martin de Porres,Extorsion,-11.9091,-76.9913,21.5,FALSE,FALSE,Tarde
2026-02-28,18:28,Independencia,Robo de vehiculo,-11.8764,-76.9776,6.8,FALSE,TRUE,Noche
2026-02-19,04:34,San Martin de Porres,Robo de vehiculo,-11.8843,-77.0359,22.1,TRUE,FALSE,Madrugada
2026-04-02,00:37,Carabayllo,Hurto simple,-11.9404,-77.0113,16.6,FALSE,FALSE,Madrugada
2026-01-20,09:16,Santa Rosa,Extorsion,-11.887,-76.9468,19.6,FALSE,FALSE,Manana
2026-01-13,13:31,Comas,Arrebato,-11.9697,-77.0691,24.8,TRUE,TRUE,Tarde
2026-03-07,12:27,Puente Piedra,Robo de vehiculo,-11.8272,-77.054,13.0,FALSE,FALSE,Tarde
2026-03-19,18:37,Comas,Extorsion,-11.9223,-77.0474,14.2,FALSE,FALSE,Noche
2026-04-04,20:57,Ancon,Vandalismo,-11.9341,-77.0579,11.2,FALSE,FALSE,Noche
2026-03-20,02:11,Santa Rosa,Vandalismo,-11.8694,-76.9541,12.9,TRUE,FALSE,Madrugada
2026-02-15,20:07,Los Olivos,Vandalismo,-11.9551,-77.022,15.5,FALSE,FALSE,Noche
2026-03-22,15:11,Independencia,Robo a mano armada,-11.9354,-77.0219,27.9,TRUE,FALSE,Tarde
2026-05-01,14:22,Ancon,Robo de vehiculo,-11.8156,-77.0223,24.2,FALSE,FALSE,Tarde
2026-03-29,23:39,Santa Rosa,Robo a mano armada,-11.9414,-77.0804,26.3,TRUE,TRUE,Noche
2026-05-01,15:45,Comas,Arrebato,-11.9943,-76.9732,7.6,TRUE,TRUE,Tarde
2026-01-06,21:27,Independencia,Arrebato,-11.9123,-76.9055,21.8,FALSE,FALSE,Noche
2026-01-01,18:39,Puente Piedra,Hurto simple,-11.9874,-77.0323,23.9,FALSE,TRUE,Noche
2026-01-23,10:35,Comas,Vandalismo,-11.825,-77.013,8.8,FALSE,TRUE,Manana
2026-01-15,02:21,San Martin de Porres,Robo a mano armada,-11.8514,-77.0167,23.6,TRUE,TRUE,Madrugada
2026-04-09,18:18,Carabayllo,Arrebato,-11.8861,-76.9161,8.8,FALSE,FALSE,Noche
2026-03-18,16:37,Carabayllo,Robo de vehiculo,-11.8343,-76.9897,28.1,TRUE,FALSE,Tarde
2026-03-04,20:37,Los Olivos,Arrebato,-11.868,-76.9983,8.2,FALSE,FALSE,Noche
2026-03-18,00:31,San Martin de Porres,Robo de vehiculo,-11.8927,-76.9979,13.6,TRUE,FALSE,Madrugada
2026-01-03,12:20,Puente Piedra,Extorsion,-11.8587,-77.0729,8.7,FALSE,FALSE,Tarde
2026-03-04,22:26,Puente Piedra,Robo a mano armada,-11.9039,-77.0907,23.1,TRUE,TRUE,Noche
2026-02-17,08:09,Independencia,Robo de vehiculo,-11.943,-76.9019,8.0,FALSE,FALSE,Manana
2026-04-11,21:57,Independencia,Robo de vehiculo,-11.8062,-77.0307,19.3,TRUE,FALSE,Noche
2026-03-31,17:13,Independencia,Arrebato,-11.8531,-76.9095,14.5,FALSE,FALSE,Tarde
2026-04-21,16:46,Independencia,Robo a mano armada,-11.8492,-77.009,11.2,TRUE,TRUE,Tarde
2026-03-21,17:25,Puente Piedra,Arrebato,-11.808,-77.0399,18.7,FALSE,FALSE,Tarde
2026-02-23,01:26,Puente Piedra,Robo a mano armada,-11.9694,-77.0479,22.7,TRUE,FALSE,Madrugada
2026-04-14,06:07,Santa Rosa,Hurto simple,-11.8244,-76.949,13.0,FALSE,TRUE,Manana
2026-02-09,16:50,Comas,Vandalismo,-11.9026,-77.0427,24.1,FALSE,FALSE,Tarde
2026-04-27,01:03,Santa Rosa,Arrebato,-11.959,-77.0015,13.4,FALSE,FALSE,Madrugada
2026-03-11,18:56,Carabayllo,Extorsion,-11.915,-77.0667,10.4,TRUE,FALSE,Noche
2026-01-17,22:40,Santa Rosa,Robo de vehiculo,-11.9277,-76.9558,21.0,FALSE,FALSE,Noche
2026-01-23,18:39,Puente Piedra,Hurto simple,-11.8465,-77.0704,21.4,TRUE,FALSE,Noche
2026-02-11,22:20,Santa Rosa,Robo de vehiculo,-11.9935,-76.9472,17.8,TRUE,FALSE,Noche
2026-01-28,19:16,Santa Rosa,Extorsion,-11.9645,-77.0072,28.4,TRUE,FALSE,Noche
2026-03-05,21:36,Los Olivos,Hurto simple,-11.8669,-77.0321,25.6,TRUE,TRUE,Noche
2026-03-30,06:34,Comas,Vandalismo,-11.8223,-76.9109,5.2,FALSE,FALSE,Manana
2026-03-17,12:32,San Martin de Porres,Robo a mano armada,-11.8813,-76.9464,23.8,TRUE,FALSE,Tarde
2026-02-09,20:22,Independencia,Hurto simple,-11.8574,-76.9478,17.6,TRUE,TRUE,Noche
2026-03-11,12:40,Independencia,Vandalismo,-11.8041,-77.0027,6.5,TRUE,TRUE,Tarde
2026-01-15,17:43,San Martin de Porres,Extorsion,-11.8699,-76.934,22.1,FALSE,FALSE,Tarde
2026-03-03,13:17,Carabayllo,Extorsion,-11.8713,-77.0329,15.6,FALSE,FALSE,Tarde
2026-03-11,06:04,Ancon,Robo a mano armada,-11.9647,-77.0719,8.9,TRUE,FALSE,Manana
2026-01-08,05:21,Puente Piedra,Vandalismo,-11.8093,-77.0754,6.1,FALSE,TRUE,Madrugada
2026-01-20,19:05,Puente Piedra,Extorsion,-11.8698,-77.0561,8.4,TRUE,FALSE,Noche
2026-02-24,11:48,Independencia,Hurto simple,-11.9797,-77.0612,9.3,TRUE,FALSE,Manana
2026-04-04,04:26,San Martin de Porres,Vandalismo,-11.8453,-76.9895,7.6,TRUE,FALSE,Madrugada
2026-04-06,21:25,Santa Rosa,Arrebato,-11.9561,-77.0903,13.5,TRUE,TRUE,Noche
2026-02-12,10:53,Comas,Arrebato,-11.8968,-77.0176,18.0,TRUE,TRUE,Manana
2026-01-23,23:13,Santa Rosa,Hurto simple,-11.9111,-76.9214,17.6,FALSE,FALSE,Noche
2026-03-30,08:40,Puente Piedra,Extorsion,-11.9664,-77.0984,11.3,FALSE,FALSE,Manana
2026-02-23,17:48,Independencia,Robo de vehiculo,-11.8569,-76.9013,13.8,TRUE,FALSE,Tarde
2026-04-28,20:33,Comas,Vandalismo,-11.9162,-76.9891,28.1,FALSE,TRUE,Noche
2026-04-22,21:23,Independencia,Robo a mano armada,-11.9061,-77.071,21.2,TRUE,TRUE,Noche
2026-02-23,09:33,Comas,Robo de vehiculo,-11.9853,-76.9026,11.0,TRUE,FALSE,Manana
2026-03-29,19:29,Independencia,Robo de vehiculo,-11.9349,-77.0294,28.4,TRUE,FALSE,Noche
2026-01-22,23:02,Puente Piedra,Extorsion,-11.8144,-76.9312,12.6,TRUE,TRUE,Noche
2026-02-17,03:28,Santa Rosa,Extorsion,-11.8891,-76.956,21.0,TRUE,TRUE,Madrugada
2026-01-22,11:33,Ancon,Hurto simple,-11.8395,-77.0978,29.0,TRUE,TRUE,Manana
2026-01-18,04:18,Santa Rosa,Robo a mano armada,-11.9473,-76.9691,26.5,TRUE,TRUE,Madrugada
2026-03-18,10:11,San Martin de Porres,Extorsion,-11.8276,-77.021,11.6,FALSE,TRUE,Manana
2026-04-26,06:11,Los Olivos,Hurto simple,-11.8604,-77.082,21.0,FALSE,TRUE,Manana
2026-02-25,01:56,Los Olivos,Robo a mano armada,-11.9081,-76.9505,27.0,TRUE,TRUE,Madrugada
2026-04-03,11:44,Los Olivos,Robo a mano armada,-11.9258,-77.0859,22.0,TRUE,FALSE,Manana
2026-04-14,02:49,Santa Rosa,Hurto simple,-11.9097,-77.0076,18.4,FALSE,TRUE,Madrugada
2026-04-02,17:23,Puente Piedra,Robo a mano armada,-11.9244,-77.0912,14.0,TRUE,TRUE,Tarde
2026-04-10,02:49,Santa Rosa,Hurto simple,-11.8002,-76.9098,11.7,TRUE,FALSE,Madrugada
2026-04-29,17:46,Santa Rosa,Arrebato,-11.9099,-76.953,9.6,FALSE,TRUE,Tarde
2026-02-11,04:29,Santa Rosa,Vandalismo,-11.9877,-76.9133,20.8,TRUE,TRUE,Madrugada
2026-03-01,22:19,Comas,Robo a mano armada,-11.9103,-76.9453,25.4,TRUE,TRUE,Noche
2026-01-03,06:23,Santa Rosa,Arrebato,-11.8324,-76.9036,28.1,TRUE,FALSE,Manana
2026-01-29,22:51,Ancon,Robo a mano armada,-11.8057,-76.9392,19.8,TRUE,FALSE,Noche
2026-04-16,13:42,Los Olivos,Vandalismo,-11.8551,-76.9912,13.4,FALSE,FALSE,Tarde
2026-03-01,17:25,San Martin de Porres,Arrebato,-11.9441,-76.9786,7.0,FALSE,TRUE,Tarde
2026-01-10,17:46,Puente Piedra,Robo de vehiculo,-11.9589,-76.93,22.2,FALSE,TRUE,Tarde
2026-02-08,02:18,San Martin de Porres,Robo a mano armada,-11.9296,-77.0079,21.0,TRUE,FALSE,Madrugada
2026-02-02,05:38,Independencia,Robo a mano armada,-11.9924,-77.0538,27.9,TRUE,TRUE,Madrugada
2026-04-06,23:56,San Martin de Porres,Extorsion,-11.9948,-76.9169,18.2,FALSE,FALSE,Noche
2026-01-24,23:36,Santa Rosa,Hurto simple,-11.9356,-77.0986,23.7,TRUE,FALSE,Noche
2026-01-21,12:28,Comas,Arrebato,-11.8992,-77.078,18.7,TRUE,FALSE,Tarde
2026-02-25,08:12,Ancon,Arrebato,-11.9445,-77.0321,12.8,TRUE,TRUE,Manana
2026-03-03,15:40,Puente Piedra,Arrebato,-11.9366,-76.9486,29.9,FALSE,FALSE,Tarde
2026-04-08,12:31,Los Olivos,Arrebato,-11.9881,-77.0879,20.9,TRUE,FALSE,Tarde
2026-03-08,21:30,Carabayllo,Extorsion,-11.8887,-77.0751,13.6,FALSE,FALSE,Noche
2026-04-02,08:47,Los Olivos,Extorsion,-11.894,-77.0834,7.1,FALSE,FALSE,Manana
2026-03-01,21:36,Carabayllo,Hurto simple,-11.9631,-77.0524,29.2,TRUE,TRUE,Noche
2026-02-22,14:18,Carabayllo,Robo a mano armada,-11.9542,-77.0448,26.5,TRUE,TRUE,Tarde
2026-04-09,21:56,Puente Piedra,Extorsion,-11.9139,-77.0761,12.4,TRUE,FALSE,Noche
2026-04-14,01:28,Carabayllo,Hurto simple,-11.9277,-77.0849,20.9,TRUE,FALSE,Madrugada
2026-01-09,12:59,Carabayllo,Extorsion,-11.9618,-76.9607,5.0,TRUE,FALSE,Tarde
2026-04-05,10:35,Los Olivos,Vandalismo,-11.8778,-76.9879,29.0,FALSE,FALSE,Manana
2026-04-10,16:39,Santa Rosa,Robo a mano armada,-11.9426,-76.9884,10.3,TRUE,TRUE,Tarde
2026-04-26,21:24,Ancon,Robo de vehiculo,-11.9451,-76.9119,16.0,FALSE,FALSE,Noche
2026-04-17,15:38,Santa Rosa,Vandalismo,-11.8525,-76.9256,7.1,FALSE,FALSE,Tarde
2026-03-15,23:31,Carabayllo,Hurto simple,-11.8438,-77.0211,15.9,FALSE,FALSE,Noche
2026-01-24,11:42,Carabayllo,Robo de vehiculo,-11.8725,-76.941,22.5,TRUE,FALSE,Manana
2026-02-15,21:24,Puente Piedra,Vandalismo,-11.9087,-77.025,10.4,TRUE,FALSE,Noche
2026-04-21,19:26,Comas,Arrebato,-11.9738,-76.9949,7.1,FALSE,FALSE,Noche
2026-03-15,09:11,Independencia,Robo a mano armada,-11.9624,-76.9519,27.0,TRUE,TRUE,Manana
2026-04-05,22:44,Carabayllo,Extorsion,-11.9065,-77.0993,5.3,FALSE,FALSE,Noche
2026-01-02,15:16,Los Olivos,Robo de vehiculo,-11.8306,-77.0707,16.7,TRUE,FALSE,Tarde
2026-02-10,12:52,Carabayllo,Robo de vehiculo,-11.9511,-77.0497,11.1,FALSE,TRUE,Tarde
2026-03-09,20:26,Independencia,Robo de vehiculo,-11.8345,-76.9081,16.5,FALSE,TRUE,Noche
2026-04-25,00:36,Ancon,Hurto simple,-11.8726,-77.0819,7.5,FALSE,FALSE,Madrugada
2026-01-18,21:05,Ancon,Extorsion,-11.8847,-77.0362,10.9,FALSE,FALSE,Noche
2026-01-12,15:27,Los Olivos,Vandalismo,-11.8999,-76.9941,9.6,TRUE,FALSE,Tarde
2026-03-18,10:04,Los Olivos,Hurto simple,-11.8424,-77.0441,26.7,TRUE,TRUE,Manana
2026-04-05,18:44,San Martin de Porres,Robo de vehiculo,-11.9998,-77.0021,16.9,FALSE,FALSE,Noche
2026-02-24,06:31,Santa Rosa,Robo de vehiculo,-11.9767,-76.9205,10.4,TRUE,FALSE,Manana
2026-01-16,14:07,Independencia,Robo de vehiculo,-11.8368,-77.0217,28.3,FALSE,TRUE,Tarde
2026-01-14,06:15,Independencia,Robo de vehiculo,-11.981,-76.9624,11.7,FALSE,FALSE,Manana
2026-01-31,05:31,San Martin de Porres,Vandalismo,-11.8936,-76.9575,13.4,TRUE,TRUE,Madrugada
2026-02-14,22:40,Puente Piedra,Arrebato,-11.9987,-76.9619,7.3,FALSE,TRUE,Noche
2026-04-16,18:26,Comas,Vandalismo,-11.8981,-77.0602,6.8,TRUE,TRUE,Noche
2026-02-15,13:56,Puente Piedra,Vandalismo,-11.9244,-76.904,15.9,TRUE,FALSE,Tarde
2026-04-25,04:17,Puente Piedra,Robo a mano armada,-11.933,-77.0837,5.1,TRUE,TRUE,Madrugada
2026-03-11,15:19,Ancon,Extorsion,-11.9068,-77.0305,14.2,FALSE,FALSE,Tarde
2026-02-08,21:05,Los Olivos,Arrebato,-11.8768,-76.9421,9.0,FALSE,TRUE,Noche
2026-01-18,13:33,Santa Rosa,Robo a mano armada,-11.825,-76.9648,7.7,TRUE,FALSE,Tarde
2026-01-01,05:33,Comas,Robo de vehiculo,-11.8212,-77.0623,24.5,TRUE,FALSE,Madrugada
2026-04-19,19:01,Independencia,Arrebato,-11.9162,-76.9989,8.2,FALSE,FALSE,Noche
2026-02-23,16:07,Independencia,Robo de vehiculo,-11.9477,-76.9752,17.8,TRUE,TRUE,Tarde
2026-02-07,13:18,Carabayllo,Hurto simple,-11.9818,-76.983,6.8,TRUE,FALSE,Tarde
2026-02-09,03:36,San Martin de Porres,Arrebato,-11.9905,-77.0033,15.6,FALSE,TRUE,Madrugada
2026-03-10,04:47,Puente Piedra,Robo a mano armada,-11.8826,-77.0637,26.4,TRUE,FALSE,Madrugada
